FeatureID,PartID,X,Y,Z,SLB_WHI_ID
0,1,292147.852868288,9105709.47715864,0,3da2bd65-4c0e-418c-be2a-4c35e4c9a32b
0,1,292243.979037882,9105681.91342306,0,3da2bd65-4c0e-418c-be2a-4c35e4c9a32b
0,1,292216.4153023,9105585.78725346,0,3da2bd65-4c0e-418c-be2a-4c35e4c9a32b
0,1,292120.289132706,9105613.35098904,0,3da2bd65-4c0e-418c-be2a-4c35e4c9a32b
0,1,292147.852868288,9105709.47715864,0,3da2bd65-4c0e-418c-be2a-4c35e4c9a32b
1,1,292243.979037882,9105681.91342306,0,32a7fca6-635a-4b7c-b147-5cdfb5ddeb9e
1,1,292340.105207476,9105654.34968747,0,32a7fca6-635a-4b7c-b147-5cdfb5ddeb9e
1,1,292312.541471894,9105558.22351788,0,32a7fca6-635a-4b7c-b147-5cdfb5ddeb9e
1,1,292216.4153023,9105585.78725346,0,32a7fca6-635a-4b7c-b147-5cdfb5ddeb9e
1,1,292243.979037882,9105681.91342306,0,32a7fca6-635a-4b7c-b147-5cdfb5ddeb9e
2,1,292340.105207476,9105654.34968747,0,cb87def0-7702-486c-9911-e91cedc2aaf9
2,1,292436.231377069,9105626.78595189,0,cb87def0-7702-486c-9911-e91cedc2aaf9
2,1,292408.667641488,9105530.6597823,0,cb87def0-7702-486c-9911-e91cedc2aaf9
2,1,292312.541471894,9105558.22351788,0,cb87def0-7702-486c-9911-e91cedc2aaf9
2,1,292340.105207476,9105654.34968747,0,cb87def0-7702-486c-9911-e91cedc2aaf9
3,1,292436.231377069,9105626.78595189,0,a8b389d2-97da-4134-95b0-926600bffd4a
3,1,292532.357546663,9105599.22221631,0,a8b389d2-97da-4134-95b0-926600bffd4a
3,1,292504.793811082,9105503.09604672,0,a8b389d2-97da-4134-95b0-926600bffd4a
3,1,292408.667641488,9105530.6597823,0,a8b389d2-97da-4134-95b0-926600bffd4a
3,1,292436.231377069,9105626.78595189,0,a8b389d2-97da-4134-95b0-926600bffd4a
4,1,292532.357546663,9105599.22221631,0,a85435e1-dae9-41be-8519-48bcab607d3c
4,1,292628.483716257,9105571.65848073,0,a85435e1-dae9-41be-8519-48bcab607d3c
4,1,292600.919980675,9105475.53231114,0,a85435e1-dae9-41be-8519-48bcab607d3c
4,1,292504.793811082,9105503.09604672,0,a85435e1-dae9-41be-8519-48bcab607d3c
4,1,292532.357546663,9105599.22221631,0,a85435e1-dae9-41be-8519-48bcab607d3c
5,1,292628.483716257,9105571.65848073,0,d852ea4b-a2fb-4802-9ef8-b36cee3c4fb7
5,1,292724.609885851,9105544.09474515,0,d852ea4b-a2fb-4802-9ef8-b36cee3c4fb7
5,1,292697.046150269,9105447.96857555,0,d852ea4b-a2fb-4802-9ef8-b36cee3c4fb7
5,1,292600.919980675,9105475.53231114,0,d852ea4b-a2fb-4802-9ef8-b36cee3c4fb7
5,1,292628.483716257,9105571.65848073,0,d852ea4b-a2fb-4802-9ef8-b36cee3c4fb7
6,1,292724.609885851,9105544.09474515,0,97f881d7-196a-4fe9-858a-fd73823a21d1
6,1,292820.736055445,9105516.53100957,0,97f881d7-196a-4fe9-858a-fd73823a21d1
6,1,292793.172319863,9105420.40483997,0,97f881d7-196a-4fe9-858a-fd73823a21d1
6,1,292697.046150269,9105447.96857555,0,97f881d7-196a-4fe9-858a-fd73823a21d1
6,1,292724.609885851,9105544.09474515,0,97f881d7-196a-4fe9-858a-fd73823a21d1
7,1,292820.736055445,9105516.53100957,0,86a299b8-3fd8-4c09-b4a2-0f436dc51d5a
7,1,292916.862225039,9105488.96727398,0,86a299b8-3fd8-4c09-b4a2-0f436dc51d5a
7,1,292889.298489457,9105392.84110439,0,86a299b8-3fd8-4c09-b4a2-0f436dc51d5a
7,1,292793.172319863,9105420.40483997,0,86a299b8-3fd8-4c09-b4a2-0f436dc51d5a
7,1,292820.736055445,9105516.53100957,0,86a299b8-3fd8-4c09-b4a2-0f436dc51d5a
8,1,292916.862225039,9105488.96727398,0,7e3b6f1b-210e-4cc9-8fb7-a2ceebc30800
8,1,293012.988394632,9105461.4035384,0,7e3b6f1b-210e-4cc9-8fb7-a2ceebc30800
8,1,292985.424659051,9105365.27736881,0,7e3b6f1b-210e-4cc9-8fb7-a2ceebc30800
8,1,292889.298489457,9105392.84110439,0,7e3b6f1b-210e-4cc9-8fb7-a2ceebc30800
8,1,292916.862225039,9105488.96727398,0,7e3b6f1b-210e-4cc9-8fb7-a2ceebc30800
9,1,293012.988394632,9105461.4035384,0,29cefc4e-c31c-4bb2-aaab-77b8a95f5a9b
9,1,293109.114564226,9105433.83980282,0,29cefc4e-c31c-4bb2-aaab-77b8a95f5a9b
9,1,293081.550828645,9105337.71363323,0,29cefc4e-c31c-4bb2-aaab-77b8a95f5a9b
9,1,292985.424659051,9105365.27736881,0,29cefc4e-c31c-4bb2-aaab-77b8a95f5a9b
9,1,293012.988394632,9105461.4035384,0,29cefc4e-c31c-4bb2-aaab-77b8a95f5a9b
10,1,293109.114564226,9105433.83980282,0,1e351069-f812-4a37-9414-7f433a24a666
10,1,293205.24073382,9105406.27606724,0,1e351069-f812-4a37-9414-7f433a24a666
10,1,293177.676998238,9105310.14989764,0,1e351069-f812-4a37-9414-7f433a24a666
10,1,293081.550828645,9105337.71363323,0,1e351069-f812-4a37-9414-7f433a24a666
10,1,293109.114564226,9105433.83980282,0,1e351069-f812-4a37-9414-7f433a24a666
11,1,292120.289132706,9105613.35098904,0,e42d21be-1cdf-4daf-bc46-394857454b98
11,1,292216.4153023,9105585.78725346,0,e42d21be-1cdf-4daf-bc46-394857454b98
11,1,292188.851566718,9105489.66108387,0,e42d21be-1cdf-4daf-bc46-394857454b98
11,1,292092.725397125,9105517.22481945,0,e42d21be-1cdf-4daf-bc46-394857454b98
11,1,292120.289132706,9105613.35098904,0,e42d21be-1cdf-4daf-bc46-394857454b98
12,1,292216.4153023,9105585.78725346,0,8e17b32d-17ac-48e4-a98a-db02a36b16d5
12,1,292312.541471894,9105558.22351788,0,8e17b32d-17ac-48e4-a98a-db02a36b16d5
12,1,292284.977736312,9105462.09734829,0,8e17b32d-17ac-48e4-a98a-db02a36b16d5
12,1,292188.851566718,9105489.66108387,0,8e17b32d-17ac-48e4-a98a-db02a36b16d5
12,1,292216.4153023,9105585.78725346,0,8e17b32d-17ac-48e4-a98a-db02a36b16d5
13,1,292312.541471894,9105558.22351788,0,ff6673c8-1915-466b-b33e-d22c2c03b59d
13,1,292408.667641488,9105530.6597823,0,ff6673c8-1915-466b-b33e-d22c2c03b59d
13,1,292381.103905906,9105434.5336127,0,ff6673c8-1915-466b-b33e-d22c2c03b59d
13,1,292284.977736312,9105462.09734829,0,ff6673c8-1915-466b-b33e-d22c2c03b59d
13,1,292312.541471894,9105558.22351788,0,ff6673c8-1915-466b-b33e-d22c2c03b59d
14,1,292408.667641488,9105530.6597823,0,a0e23a78-bc07-478a-979b-037e0a13a228
14,1,292504.793811082,9105503.09604672,0,a0e23a78-bc07-478a-979b-037e0a13a228
14,1,292477.2300755,9105406.96987712,0,a0e23a78-bc07-478a-979b-037e0a13a228
14,1,292381.103905906,9105434.5336127,0,a0e23a78-bc07-478a-979b-037e0a13a228
14,1,292408.667641488,9105530.6597823,0,a0e23a78-bc07-478a-979b-037e0a13a228
15,1,292504.793811082,9105503.09604672,0,eea82c55-3790-4f7a-8fbc-e3cfb99570bf
15,1,292600.919980675,9105475.53231114,0,eea82c55-3790-4f7a-8fbc-e3cfb99570bf
15,1,292573.356245094,9105379.40614154,0,eea82c55-3790-4f7a-8fbc-e3cfb99570bf
15,1,292477.2300755,9105406.96987712,0,eea82c55-3790-4f7a-8fbc-e3cfb99570bf
15,1,292504.793811082,9105503.09604672,0,eea82c55-3790-4f7a-8fbc-e3cfb99570bf
16,1,292600.919980675,9105475.53231114,0,e074e18c-a7da-4970-9e3e-48862971cda2
16,1,292697.046150269,9105447.96857555,0,e074e18c-a7da-4970-9e3e-48862971cda2
16,1,292669.482414688,9105351.84240596,0,e074e18c-a7da-4970-9e3e-48862971cda2
16,1,292573.356245094,9105379.40614154,0,e074e18c-a7da-4970-9e3e-48862971cda2
16,1,292600.919980675,9105475.53231114,0,e074e18c-a7da-4970-9e3e-48862971cda2
17,1,292697.046150269,9105447.96857555,0,78dbf3eb-4f94-400d-ad7b-8b01e9bbe11f
17,1,292793.172319863,9105420.40483997,0,78dbf3eb-4f94-400d-ad7b-8b01e9bbe11f
17,1,292765.608584281,9105324.27867038,0,78dbf3eb-4f94-400d-ad7b-8b01e9bbe11f
17,1,292669.482414688,9105351.84240596,0,78dbf3eb-4f94-400d-ad7b-8b01e9bbe11f
17,1,292697.046150269,9105447.96857555,0,78dbf3eb-4f94-400d-ad7b-8b01e9bbe11f
18,1,292793.172319863,9105420.40483997,0,8513114c-892f-49ff-a780-b4f8afa912da
18,1,292889.298489457,9105392.84110439,0,8513114c-892f-49ff-a780-b4f8afa912da
18,1,292861.734753875,9105296.7149348,0,8513114c-892f-49ff-a780-b4f8afa912da
18,1,292765.608584281,9105324.27867038,0,8513114c-892f-49ff-a780-b4f8afa912da
18,1,292793.172319863,9105420.40483997,0,8513114c-892f-49ff-a780-b4f8afa912da
19,1,292889.298489457,9105392.84110439,0,da99edc1-c1f7-4387-a5a2-8705c855f88c
19,1,292985.424659051,9105365.27736881,0,da99edc1-c1f7-4387-a5a2-8705c855f88c
19,1,292957.860923469,9105269.15119921,0,da99edc1-c1f7-4387-a5a2-8705c855f88c
19,1,292861.734753875,9105296.7149348,0,da99edc1-c1f7-4387-a5a2-8705c855f88c
19,1,292889.298489457,9105392.84110439,0,da99edc1-c1f7-4387-a5a2-8705c855f88c
20,1,292985.424659051,9105365.27736881,0,552cc818-efd0-4e62-81e0-b46a858967fc
20,1,293081.550828645,9105337.71363323,0,552cc818-efd0-4e62-81e0-b46a858967fc
20,1,293053.987093063,9105241.58746363,0,552cc818-efd0-4e62-81e0-b46a858967fc
20,1,292957.860923469,9105269.15119921,0,552cc818-efd0-4e62-81e0-b46a858967fc
20,1,292985.424659051,9105365.27736881,0,552cc818-efd0-4e62-81e0-b46a858967fc
21,1,293081.550828645,9105337.71363323,0,dd940ed9-64a5-4fc2-b99f-898f540de1d9
21,1,293177.676998238,9105310.14989764,0,dd940ed9-64a5-4fc2-b99f-898f540de1d9
21,1,293150.113262657,9105214.02372805,0,dd940ed9-64a5-4fc2-b99f-898f540de1d9
21,1,293053.987093063,9105241.58746363,0,dd940ed9-64a5-4fc2-b99f-898f540de1d9
21,1,293081.550828645,9105337.71363323,0,dd940ed9-64a5-4fc2-b99f-898f540de1d9
22,1,292092.725397125,9105517.22481945,0,ee3b9746-1a64-496a-a635-fddf72df5da9
22,1,292188.851566718,9105489.66108387,0,ee3b9746-1a64-496a-a635-fddf72df5da9
22,1,292161.287831137,9105393.53491427,0,ee3b9746-1a64-496a-a635-fddf72df5da9
22,1,292065.161661543,9105421.09864986,0,ee3b9746-1a64-496a-a635-fddf72df5da9
22,1,292092.725397125,9105517.22481945,0,ee3b9746-1a64-496a-a635-fddf72df5da9
23,1,292188.851566718,9105489.66108387,0,15b545dd-f5df-4a1f-af25-1fc32ab3c4fc
23,1,292284.977736312,9105462.09734829,0,15b545dd-f5df-4a1f-af25-1fc32ab3c4fc
23,1,292257.414000731,9105365.97117869,0,15b545dd-f5df-4a1f-af25-1fc32ab3c4fc
23,1,292161.287831137,9105393.53491427,0,15b545dd-f5df-4a1f-af25-1fc32ab3c4fc
23,1,292188.851566718,9105489.66108387,0,15b545dd-f5df-4a1f-af25-1fc32ab3c4fc
24,1,292284.977736312,9105462.09734829,0,bfd2e188-85e9-479f-89e4-c20656f63faf
24,1,292381.103905906,9105434.5336127,0,bfd2e188-85e9-479f-89e4-c20656f63faf
24,1,292353.540170324,9105338.40744311,0,bfd2e188-85e9-479f-89e4-c20656f63faf
24,1,292257.414000731,9105365.97117869,0,bfd2e188-85e9-479f-89e4-c20656f63faf
24,1,292284.977736312,9105462.09734829,0,bfd2e188-85e9-479f-89e4-c20656f63faf
25,1,292381.103905906,9105434.5336127,0,5d0ebfed-e34e-4fa7-87cb-fb4de1628d4c
25,1,292477.2300755,9105406.96987712,0,5d0ebfed-e34e-4fa7-87cb-fb4de1628d4c
25,1,292449.666339918,9105310.84370753,0,5d0ebfed-e34e-4fa7-87cb-fb4de1628d4c
25,1,292353.540170324,9105338.40744311,0,5d0ebfed-e34e-4fa7-87cb-fb4de1628d4c
25,1,292381.103905906,9105434.5336127,0,5d0ebfed-e34e-4fa7-87cb-fb4de1628d4c
26,1,292477.2300755,9105406.96987712,0,7b0b84a3-475d-46aa-8e4f-6582afdfad98
26,1,292573.356245094,9105379.40614154,0,7b0b84a3-475d-46aa-8e4f-6582afdfad98
26,1,292545.792509512,9105283.27997195,0,7b0b84a3-475d-46aa-8e4f-6582afdfad98
26,1,292449.666339918,9105310.84370753,0,7b0b84a3-475d-46aa-8e4f-6582afdfad98
26,1,292477.2300755,9105406.96987712,0,7b0b84a3-475d-46aa-8e4f-6582afdfad98
27,1,292573.356245094,9105379.40614154,0,2e1b0b4b-d894-47e9-b4aa-84e0f65b474f
27,1,292669.482414688,9105351.84240596,0,2e1b0b4b-d894-47e9-b4aa-84e0f65b474f
27,1,292641.918679106,9105255.71623637,0,2e1b0b4b-d894-47e9-b4aa-84e0f65b474f
27,1,292545.792509512,9105283.27997195,0,2e1b0b4b-d894-47e9-b4aa-84e0f65b474f
27,1,292573.356245094,9105379.40614154,0,2e1b0b4b-d894-47e9-b4aa-84e0f65b474f
28,1,292669.482414688,9105351.84240596,0,43ddbc53-296a-4c95-bfcd-ec6b0aa34cf3
28,1,292765.608584281,9105324.27867038,0,43ddbc53-296a-4c95-bfcd-ec6b0aa34cf3
28,1,292738.0448487,9105228.15250078,0,43ddbc53-296a-4c95-bfcd-ec6b0aa34cf3
28,1,292641.918679106,9105255.71623637,0,43ddbc53-296a-4c95-bfcd-ec6b0aa34cf3
28,1,292669.482414688,9105351.84240596,0,43ddbc53-296a-4c95-bfcd-ec6b0aa34cf3
29,1,292765.608584281,9105324.27867038,0,5ecac9cf-85c5-4c79-b274-9b3b30cfb3b9
29,1,292861.734753875,9105296.7149348,0,5ecac9cf-85c5-4c79-b274-9b3b30cfb3b9
29,1,292834.171018293,9105200.5887652,0,5ecac9cf-85c5-4c79-b274-9b3b30cfb3b9
29,1,292738.0448487,9105228.15250078,0,5ecac9cf-85c5-4c79-b274-9b3b30cfb3b9
29,1,292765.608584281,9105324.27867038,0,5ecac9cf-85c5-4c79-b274-9b3b30cfb3b9
30,1,292861.734753875,9105296.7149348,0,ac4fb1b2-9e1b-40a8-81c1-42412d58ee66
30,1,292957.860923469,9105269.15119921,0,ac4fb1b2-9e1b-40a8-81c1-42412d58ee66
30,1,292930.297187887,9105173.02502962,0,ac4fb1b2-9e1b-40a8-81c1-42412d58ee66
30,1,292834.171018293,9105200.5887652,0,ac4fb1b2-9e1b-40a8-81c1-42412d58ee66
30,1,292861.734753875,9105296.7149348,0,ac4fb1b2-9e1b-40a8-81c1-42412d58ee66
31,1,292957.860923469,9105269.15119921,0,a7b61fe5-28e2-4c7c-9007-cf194fd48a36
31,1,293053.987093063,9105241.58746363,0,a7b61fe5-28e2-4c7c-9007-cf194fd48a36
31,1,293026.423357481,9105145.46129404,0,a7b61fe5-28e2-4c7c-9007-cf194fd48a36
31,1,292930.297187887,9105173.02502962,0,a7b61fe5-28e2-4c7c-9007-cf194fd48a36
31,1,292957.860923469,9105269.15119921,0,a7b61fe5-28e2-4c7c-9007-cf194fd48a36
32,1,293053.987093063,9105241.58746363,0,78dc48fe-9a28-406e-98ab-e7c4a42a770a
32,1,293150.113262657,9105214.02372805,0,78dc48fe-9a28-406e-98ab-e7c4a42a770a
32,1,293122.549527075,9105117.89755846,0,78dc48fe-9a28-406e-98ab-e7c4a42a770a
32,1,293026.423357481,9105145.46129404,0,78dc48fe-9a28-406e-98ab-e7c4a42a770a
32,1,293053.987093063,9105241.58746363,0,78dc48fe-9a28-406e-98ab-e7c4a42a770a
33,1,292065.161661543,9105421.09864986,0,e6d3bb30-7b5a-46bd-a356-5379089d0ef8
33,1,292161.287831137,9105393.53491427,0,e6d3bb30-7b5a-46bd-a356-5379089d0ef8
33,1,292133.724095555,9105297.40874468,0,e6d3bb30-7b5a-46bd-a356-5379089d0ef8
33,1,292037.597925961,9105324.97248026,0,e6d3bb30-7b5a-46bd-a356-5379089d0ef8
33,1,292065.161661543,9105421.09864986,0,e6d3bb30-7b5a-46bd-a356-5379089d0ef8
34,1,292161.287831137,9105393.53491427,0,b5dd30ca-6ea6-409e-91a1-23f034076d72
34,1,292257.414000731,9105365.97117869,0,b5dd30ca-6ea6-409e-91a1-23f034076d72
34,1,292229.850265149,9105269.8450091,0,b5dd30ca-6ea6-409e-91a1-23f034076d72
34,1,292133.724095555,9105297.40874468,0,b5dd30ca-6ea6-409e-91a1-23f034076d72
34,1,292161.287831137,9105393.53491427,0,b5dd30ca-6ea6-409e-91a1-23f034076d72
35,1,292257.414000731,9105365.97117869,0,110b183e-10bf-47e2-b203-62b36b770815
35,1,292353.540170324,9105338.40744311,0,110b183e-10bf-47e2-b203-62b36b770815
35,1,292325.976434743,9105242.28127352,0,110b183e-10bf-47e2-b203-62b36b770815
35,1,292229.850265149,9105269.8450091,0,110b183e-10bf-47e2-b203-62b36b770815
35,1,292257.414000731,9105365.97117869,0,110b183e-10bf-47e2-b203-62b36b770815
36,1,292353.540170324,9105338.40744311,0,cb91e953-ec6d-4356-8d3d-59781f8fe3e2
36,1,292449.666339918,9105310.84370753,0,cb91e953-ec6d-4356-8d3d-59781f8fe3e2
36,1,292422.102604336,9105214.71753794,0,cb91e953-ec6d-4356-8d3d-59781f8fe3e2
36,1,292325.976434743,9105242.28127352,0,cb91e953-ec6d-4356-8d3d-59781f8fe3e2
36,1,292353.540170324,9105338.40744311,0,cb91e953-ec6d-4356-8d3d-59781f8fe3e2
37,1,292449.666339918,9105310.84370753,0,7fdb156e-bac4-4322-88f7-fe4a92b52b8e
37,1,292545.792509512,9105283.27997195,0,7fdb156e-bac4-4322-88f7-fe4a92b52b8e
37,1,292518.22877393,9105187.15380235,0,7fdb156e-bac4-4322-88f7-fe4a92b52b8e
37,1,292422.102604336,9105214.71753794,0,7fdb156e-bac4-4322-88f7-fe4a92b52b8e
37,1,292449.666339918,9105310.84370753,0,7fdb156e-bac4-4322-88f7-fe4a92b52b8e
38,1,292545.792509512,9105283.27997195,0,994c74be-b327-4b3a-b7e8-04f6ff87f726
38,1,292641.918679106,9105255.71623637,0,994c74be-b327-4b3a-b7e8-04f6ff87f726
38,1,292614.354943524,9105159.59006677,0,994c74be-b327-4b3a-b7e8-04f6ff87f726
38,1,292518.22877393,9105187.15380235,0,994c74be-b327-4b3a-b7e8-04f6ff87f726
38,1,292545.792509512,9105283.27997195,0,994c74be-b327-4b3a-b7e8-04f6ff87f726
39,1,292641.918679106,9105255.71623637,0,3e4630fb-4729-46f6-8a4f-421bdc286481
39,1,292738.0448487,9105228.15250078,0,3e4630fb-4729-46f6-8a4f-421bdc286481
39,1,292710.481113118,9105132.02633119,0,3e4630fb-4729-46f6-8a4f-421bdc286481
39,1,292614.354943524,9105159.59006677,0,3e4630fb-4729-46f6-8a4f-421bdc286481
39,1,292641.918679106,9105255.71623637,0,3e4630fb-4729-46f6-8a4f-421bdc286481
40,1,292738.0448487,9105228.15250078,0,5975d13f-3f9c-46e1-9147-9c6584f14e48
40,1,292834.171018293,9105200.5887652,0,5975d13f-3f9c-46e1-9147-9c6584f14e48
40,1,292806.607282712,9105104.46259561,0,5975d13f-3f9c-46e1-9147-9c6584f14e48
40,1,292710.481113118,9105132.02633119,0,5975d13f-3f9c-46e1-9147-9c6584f14e48
40,1,292738.0448487,9105228.15250078,0,5975d13f-3f9c-46e1-9147-9c6584f14e48
41,1,292834.171018293,9105200.5887652,0,fdbc4639-d8c1-4623-97d8-af3f37a1de87
41,1,292930.297187887,9105173.02502962,0,fdbc4639-d8c1-4623-97d8-af3f37a1de87
41,1,292902.733452306,9105076.89886003,0,fdbc4639-d8c1-4623-97d8-af3f37a1de87
41,1,292806.607282712,9105104.46259561,0,fdbc4639-d8c1-4623-97d8-af3f37a1de87
41,1,292834.171018293,9105200.5887652,0,fdbc4639-d8c1-4623-97d8-af3f37a1de87
42,1,292930.297187887,9105173.02502962,0,f8a38fe3-9d44-4cd7-a005-a01aa5104aa7
42,1,293026.423357481,9105145.46129404,0,f8a38fe3-9d44-4cd7-a005-a01aa5104aa7
42,1,292998.859621899,9105049.33512444,0,f8a38fe3-9d44-4cd7-a005-a01aa5104aa7
42,1,292902.733452306,9105076.89886003,0,f8a38fe3-9d44-4cd7-a005-a01aa5104aa7
42,1,292930.297187887,9105173.02502962,0,f8a38fe3-9d44-4cd7-a005-a01aa5104aa7
43,1,293026.423357481,9105145.46129404,0,66009b76-3833-4757-bf95-173f16a7dc71
43,1,293122.549527075,9105117.89755846,0,66009b76-3833-4757-bf95-173f16a7dc71
43,1,293094.985791493,9105021.77138886,0,66009b76-3833-4757-bf95-173f16a7dc71
43,1,292998.859621899,9105049.33512444,0,66009b76-3833-4757-bf95-173f16a7dc71
43,1,293026.423357481,9105145.46129404,0,66009b76-3833-4757-bf95-173f16a7dc71
44,1,292037.597925961,9105324.97248026,0,5ff21479-a936-42db-882e-46dda6102786
44,1,292133.724095555,9105297.40874468,0,5ff21479-a936-42db-882e-46dda6102786
44,1,292106.160359973,9105201.28257509,0,5ff21479-a936-42db-882e-46dda6102786
44,1,292010.034190379,9105228.84631067,0,5ff21479-a936-42db-882e-46dda6102786
44,1,292037.597925961,9105324.97248026,0,5ff21479-a936-42db-882e-46dda6102786
45,1,292133.724095555,9105297.40874468,0,33ebeed0-1906-49a1-8c7a-6299e4a9897a
45,1,292229.850265149,9105269.8450091,0,33ebeed0-1906-49a1-8c7a-6299e4a9897a
45,1,292202.286529567,9105173.71883951,0,33ebeed0-1906-49a1-8c7a-6299e4a9897a
45,1,292106.160359973,9105201.28257509,0,33ebeed0-1906-49a1-8c7a-6299e4a9897a
45,1,292133.724095555,9105297.40874468,0,33ebeed0-1906-49a1-8c7a-6299e4a9897a
46,1,292229.850265149,9105269.8450091,0,9a337386-d6b0-4140-b18d-63fcca7b645d
46,1,292325.976434743,9105242.28127352,0,9a337386-d6b0-4140-b18d-63fcca7b645d
46,1,292298.412699161,9105146.15510392,0,9a337386-d6b0-4140-b18d-63fcca7b645d
46,1,292202.286529567,9105173.71883951,0,9a337386-d6b0-4140-b18d-63fcca7b645d
46,1,292229.850265149,9105269.8450091,0,9a337386-d6b0-4140-b18d-63fcca7b645d
47,1,292325.976434743,9105242.28127352,0,c6a127a2-c81d-4658-8af7-aabc9df03f83
47,1,292422.102604336,9105214.71753794,0,c6a127a2-c81d-4658-8af7-aabc9df03f83
47,1,292394.538868755,9105118.59136834,0,c6a127a2-c81d-4658-8af7-aabc9df03f83
47,1,292298.412699161,9105146.15510392,0,c6a127a2-c81d-4658-8af7-aabc9df03f83
47,1,292325.976434743,9105242.28127352,0,c6a127a2-c81d-4658-8af7-aabc9df03f83
48,1,292422.102604336,9105214.71753794,0,0116d0f9-b35e-4b5c-ac11-1bf6e119bc08
48,1,292518.22877393,9105187.15380235,0,0116d0f9-b35e-4b5c-ac11-1bf6e119bc08
48,1,292490.665038349,9105091.02763276,0,0116d0f9-b35e-4b5c-ac11-1bf6e119bc08
48,1,292394.538868755,9105118.59136834,0,0116d0f9-b35e-4b5c-ac11-1bf6e119bc08
48,1,292422.102604336,9105214.71753794,0,0116d0f9-b35e-4b5c-ac11-1bf6e119bc08
49,1,292518.22877393,9105187.15380235,0,a8e66780-9e7a-4426-8549-cd0bb2bcca83
49,1,292614.354943524,9105159.59006677,0,a8e66780-9e7a-4426-8549-cd0bb2bcca83
49,1,292586.791207942,9105063.46389718,0,a8e66780-9e7a-4426-8549-cd0bb2bcca83
49,1,292490.665038349,9105091.02763276,0,a8e66780-9e7a-4426-8549-cd0bb2bcca83
49,1,292518.22877393,9105187.15380235,0,a8e66780-9e7a-4426-8549-cd0bb2bcca83
50,1,292614.354943524,9105159.59006677,0,7d6b5bbd-8fca-4a7d-a1dc-134f9b7db908
50,1,292710.481113118,9105132.02633119,0,7d6b5bbd-8fca-4a7d-a1dc-134f9b7db908
50,1,292682.917377536,9105035.9001616,0,7d6b5bbd-8fca-4a7d-a1dc-134f9b7db908
50,1,292586.791207942,9105063.46389718,0,7d6b5bbd-8fca-4a7d-a1dc-134f9b7db908
50,1,292614.354943524,9105159.59006677,0,7d6b5bbd-8fca-4a7d-a1dc-134f9b7db908
51,1,292710.481113118,9105132.02633119,0,aca93e35-0503-4655-b071-d28a16b57aaf
51,1,292806.607282712,9105104.46259561,0,aca93e35-0503-4655-b071-d28a16b57aaf
51,1,292779.04354713,9105008.33642601,0,aca93e35-0503-4655-b071-d28a16b57aaf
51,1,292682.917377536,9105035.9001616,0,aca93e35-0503-4655-b071-d28a16b57aaf
51,1,292710.481113118,9105132.02633119,0,aca93e35-0503-4655-b071-d28a16b57aaf
52,1,292806.607282712,9105104.46259561,0,0922168a-77d0-4c57-87d0-b35b41d05d39
52,1,292902.733452306,9105076.89886003,0,0922168a-77d0-4c57-87d0-b35b41d05d39
52,1,292875.169716724,9104980.77269043,0,0922168a-77d0-4c57-87d0-b35b41d05d39
52,1,292779.04354713,9105008.33642601,0,0922168a-77d0-4c57-87d0-b35b41d05d39
52,1,292806.607282712,9105104.46259561,0,0922168a-77d0-4c57-87d0-b35b41d05d39
53,1,292902.733452306,9105076.89886003,0,2cc93f73-96e1-46e4-9758-5519c467a376
53,1,292998.859621899,9105049.33512444,0,2cc93f73-96e1-46e4-9758-5519c467a376
53,1,292971.295886318,9104953.20895485,0,2cc93f73-96e1-46e4-9758-5519c467a376
53,1,292875.169716724,9104980.77269043,0,2cc93f73-96e1-46e4-9758-5519c467a376
53,1,292902.733452306,9105076.89886003,0,2cc93f73-96e1-46e4-9758-5519c467a376
54,1,292998.859621899,9105049.33512444,0,f7e437fc-20f9-46f3-bcfa-1cd47561724d
54,1,293094.985791493,9105021.77138886,0,f7e437fc-20f9-46f3-bcfa-1cd47561724d
54,1,293067.422055912,9104925.64521927,0,f7e437fc-20f9-46f3-bcfa-1cd47561724d
54,1,292971.295886318,9104953.20895485,0,f7e437fc-20f9-46f3-bcfa-1cd47561724d
54,1,292998.859621899,9105049.33512444,0,f7e437fc-20f9-46f3-bcfa-1cd47561724d
55,1,292010.034190379,9105228.84631067,0,8fa5329b-baff-4735-b458-d2df054d450c
55,1,292106.160359973,9105201.28257509,0,8fa5329b-baff-4735-b458-d2df054d450c
55,1,292078.596624392,9105105.15640549,0,8fa5329b-baff-4735-b458-d2df054d450c
55,1,291982.470454798,9105132.72014107,0,8fa5329b-baff-4735-b458-d2df054d450c
55,1,292010.034190379,9105228.84631067,0,8fa5329b-baff-4735-b458-d2df054d450c
56,1,292106.160359973,9105201.28257509,0,b7c467ce-bf86-48dd-baa8-318f7e4b0337
56,1,292202.286529567,9105173.71883951,0,b7c467ce-bf86-48dd-baa8-318f7e4b0337
56,1,292174.722793985,9105077.59266991,0,b7c467ce-bf86-48dd-baa8-318f7e4b0337
56,1,292078.596624392,9105105.15640549,0,b7c467ce-bf86-48dd-baa8-318f7e4b0337
56,1,292106.160359973,9105201.28257509,0,b7c467ce-bf86-48dd-baa8-318f7e4b0337
57,1,292202.286529567,9105173.71883951,0,31827ddc-bb34-45a1-b264-2eea91c781bb
57,1,292298.412699161,9105146.15510392,0,31827ddc-bb34-45a1-b264-2eea91c781bb
57,1,292270.848963579,9105050.02893433,0,31827ddc-bb34-45a1-b264-2eea91c781bb
57,1,292174.722793985,9105077.59266991,0,31827ddc-bb34-45a1-b264-2eea91c781bb
57,1,292202.286529567,9105173.71883951,0,31827ddc-bb34-45a1-b264-2eea91c781bb
58,1,292298.412699161,9105146.15510392,0,c373ec97-c55f-4694-9b54-44c6b41e4877
58,1,292394.538868755,9105118.59136834,0,c373ec97-c55f-4694-9b54-44c6b41e4877
58,1,292366.975133173,9105022.46519875,0,c373ec97-c55f-4694-9b54-44c6b41e4877
58,1,292270.848963579,9105050.02893433,0,c373ec97-c55f-4694-9b54-44c6b41e4877
58,1,292298.412699161,9105146.15510392,0,c373ec97-c55f-4694-9b54-44c6b41e4877
59,1,292394.538868755,9105118.59136834,0,9ea39428-aae0-4820-9283-4a71170139e2
59,1,292490.665038349,9105091.02763276,0,9ea39428-aae0-4820-9283-4a71170139e2
59,1,292463.101302767,9104994.90146317,0,9ea39428-aae0-4820-9283-4a71170139e2
59,1,292366.975133173,9105022.46519875,0,9ea39428-aae0-4820-9283-4a71170139e2
59,1,292394.538868755,9105118.59136834,0,9ea39428-aae0-4820-9283-4a71170139e2
60,1,292490.665038349,9105091.02763276,0,24979574-626e-4303-9033-c4909f0f789c
60,1,292586.791207942,9105063.46389718,0,24979574-626e-4303-9033-c4909f0f789c
60,1,292559.227472361,9104967.33772758,0,24979574-626e-4303-9033-c4909f0f789c
60,1,292463.101302767,9104994.90146317,0,24979574-626e-4303-9033-c4909f0f789c
60,1,292490.665038349,9105091.02763276,0,24979574-626e-4303-9033-c4909f0f789c
61,1,292586.791207942,9105063.46389718,0,f8960261-2779-4d76-a13f-f37c94ec5cde
61,1,292682.917377536,9105035.9001616,0,f8960261-2779-4d76-a13f-f37c94ec5cde
61,1,292655.353641955,9104939.773992,0,f8960261-2779-4d76-a13f-f37c94ec5cde
61,1,292559.227472361,9104967.33772758,0,f8960261-2779-4d76-a13f-f37c94ec5cde
61,1,292586.791207942,9105063.46389718,0,f8960261-2779-4d76-a13f-f37c94ec5cde
62,1,292682.917377536,9105035.9001616,0,8014c2af-c420-43ab-8933-91dae33837eb
62,1,292779.04354713,9105008.33642601,0,8014c2af-c420-43ab-8933-91dae33837eb
62,1,292751.479811548,9104912.21025642,0,8014c2af-c420-43ab-8933-91dae33837eb
62,1,292655.353641955,9104939.773992,0,8014c2af-c420-43ab-8933-91dae33837eb
62,1,292682.917377536,9105035.9001616,0,8014c2af-c420-43ab-8933-91dae33837eb
63,1,292779.04354713,9105008.33642601,0,e8198a9c-8292-4a2e-b465-5437dd95e24b
63,1,292875.169716724,9104980.77269043,0,e8198a9c-8292-4a2e-b465-5437dd95e24b
63,1,292847.605981142,9104884.64652084,0,e8198a9c-8292-4a2e-b465-5437dd95e24b
63,1,292751.479811548,9104912.21025642,0,e8198a9c-8292-4a2e-b465-5437dd95e24b
63,1,292779.04354713,9105008.33642601,0,e8198a9c-8292-4a2e-b465-5437dd95e24b
64,1,292875.169716724,9104980.77269043,0,6b23ce91-a740-4eda-9a73-2632454e769f
64,1,292971.295886318,9104953.20895485,0,6b23ce91-a740-4eda-9a73-2632454e769f
64,1,292943.732150736,9104857.08278526,0,6b23ce91-a740-4eda-9a73-2632454e769f
64,1,292847.605981142,9104884.64652084,0,6b23ce91-a740-4eda-9a73-2632454e769f
64,1,292875.169716724,9104980.77269043,0,6b23ce91-a740-4eda-9a73-2632454e769f
65,1,292971.295886318,9104953.20895485,0,494435c0-a703-481c-8e93-d511d3be0780
65,1,293067.422055912,9104925.64521927,0,494435c0-a703-481c-8e93-d511d3be0780
65,1,293039.85832033,9104829.51904968,0,494435c0-a703-481c-8e93-d511d3be0780
65,1,292943.732150736,9104857.08278526,0,494435c0-a703-481c-8e93-d511d3be0780
65,1,292971.295886318,9104953.20895485,0,494435c0-a703-481c-8e93-d511d3be0780
66,1,291982.470454798,9105132.72014107,0,db4b6650-a454-4bc9-aa7d-d9ec5e72f236
66,1,292078.596624392,9105105.15640549,0,db4b6650-a454-4bc9-aa7d-d9ec5e72f236
66,1,292051.03288881,9105009.0302359,0,db4b6650-a454-4bc9-aa7d-d9ec5e72f236
66,1,291954.906719216,9105036.59397148,0,db4b6650-a454-4bc9-aa7d-d9ec5e72f236
66,1,291982.470454798,9105132.72014107,0,db4b6650-a454-4bc9-aa7d-d9ec5e72f236
67,1,292078.596624392,9105105.15640549,0,9d064fe4-6153-4981-bf07-04c30cc0f0cc
67,1,292174.722793985,9105077.59266991,0,9d064fe4-6153-4981-bf07-04c30cc0f0cc
67,1,292147.159058404,9104981.46650032,0,9d064fe4-6153-4981-bf07-04c30cc0f0cc
67,1,292051.03288881,9105009.0302359,0,9d064fe4-6153-4981-bf07-04c30cc0f0cc
67,1,292078.596624392,9105105.15640549,0,9d064fe4-6153-4981-bf07-04c30cc0f0cc
68,1,292174.722793985,9105077.59266991,0,6d0df02a-b213-4ee5-9a9f-3caad892f404
68,1,292270.848963579,9105050.02893433,0,6d0df02a-b213-4ee5-9a9f-3caad892f404
68,1,292243.285227998,9104953.90276474,0,6d0df02a-b213-4ee5-9a9f-3caad892f404
68,1,292147.159058404,9104981.46650032,0,6d0df02a-b213-4ee5-9a9f-3caad892f404
68,1,292174.722793985,9105077.59266991,0,6d0df02a-b213-4ee5-9a9f-3caad892f404
69,1,292270.848963579,9105050.02893433,0,f9540ccd-9447-49a8-917d-d194d152b100
69,1,292366.975133173,9105022.46519875,0,f9540ccd-9447-49a8-917d-d194d152b100
69,1,292339.411397591,9104926.33902915,0,f9540ccd-9447-49a8-917d-d194d152b100
69,1,292243.285227998,9104953.90276474,0,f9540ccd-9447-49a8-917d-d194d152b100
69,1,292270.848963579,9105050.02893433,0,f9540ccd-9447-49a8-917d-d194d152b100
70,1,292366.975133173,9105022.46519875,0,3cbbed1c-8781-4367-b365-a67992111cc9
70,1,292463.101302767,9104994.90146317,0,3cbbed1c-8781-4367-b365-a67992111cc9
70,1,292435.537567185,9104898.77529357,0,3cbbed1c-8781-4367-b365-a67992111cc9
70,1,292339.411397591,9104926.33902915,0,3cbbed1c-8781-4367-b365-a67992111cc9
70,1,292366.975133173,9105022.46519875,0,3cbbed1c-8781-4367-b365-a67992111cc9
71,1,292463.101302767,9104994.90146317,0,c0f5bb4f-c3a6-4b7c-ac34-77b84155ca20
71,1,292559.227472361,9104967.33772758,0,c0f5bb4f-c3a6-4b7c-ac34-77b84155ca20
71,1,292531.663736779,9104871.21155799,0,c0f5bb4f-c3a6-4b7c-ac34-77b84155ca20
71,1,292435.537567185,9104898.77529357,0,c0f5bb4f-c3a6-4b7c-ac34-77b84155ca20
71,1,292463.101302767,9104994.90146317,0,c0f5bb4f-c3a6-4b7c-ac34-77b84155ca20
72,1,292559.227472361,9104967.33772758,0,26296e42-bc8d-444f-b7cb-973f8d6cfe60
72,1,292655.353641955,9104939.773992,0,26296e42-bc8d-444f-b7cb-973f8d6cfe60
72,1,292627.789906373,9104843.64782241,0,26296e42-bc8d-444f-b7cb-973f8d6cfe60
72,1,292531.663736779,9104871.21155799,0,26296e42-bc8d-444f-b7cb-973f8d6cfe60
72,1,292559.227472361,9104967.33772758,0,26296e42-bc8d-444f-b7cb-973f8d6cfe60
73,1,292655.353641955,9104939.773992,0,ef56c7a5-4efb-435f-abfe-1d4a808268c5
73,1,292751.479811548,9104912.21025642,0,ef56c7a5-4efb-435f-abfe-1d4a808268c5
73,1,292723.916075967,9104816.08408683,0,ef56c7a5-4efb-435f-abfe-1d4a808268c5
73,1,292627.789906373,9104843.64782241,0,ef56c7a5-4efb-435f-abfe-1d4a808268c5
73,1,292655.353641955,9104939.773992,0,ef56c7a5-4efb-435f-abfe-1d4a808268c5
74,1,292751.479811548,9104912.21025642,0,b1211c3a-8a2e-4425-b2bc-1d1c3c569293
74,1,292847.605981142,9104884.64652084,0,b1211c3a-8a2e-4425-b2bc-1d1c3c569293
74,1,292820.042245561,9104788.52035125,0,b1211c3a-8a2e-4425-b2bc-1d1c3c569293
74,1,292723.916075967,9104816.08408683,0,b1211c3a-8a2e-4425-b2bc-1d1c3c569293
74,1,292751.479811548,9104912.21025642,0,b1211c3a-8a2e-4425-b2bc-1d1c3c569293
75,1,292847.605981142,9104884.64652084,0,14a60bee-a34d-4242-8b1b-3c2960245730
75,1,292943.732150736,9104857.08278526,0,14a60bee-a34d-4242-8b1b-3c2960245730
75,1,292916.168415154,9104760.95661566,0,14a60bee-a34d-4242-8b1b-3c2960245730
75,1,292820.042245561,9104788.52035125,0,14a60bee-a34d-4242-8b1b-3c2960245730
75,1,292847.605981142,9104884.64652084,0,14a60bee-a34d-4242-8b1b-3c2960245730
76,1,292943.732150736,9104857.08278526,0,6e34ad67-7c30-47ce-b86b-5f233908165b
76,1,293039.85832033,9104829.51904968,0,6e34ad67-7c30-47ce-b86b-5f233908165b
76,1,293012.294584748,9104733.39288008,0,6e34ad67-7c30-47ce-b86b-5f233908165b
76,1,292916.168415154,9104760.95661566,0,6e34ad67-7c30-47ce-b86b-5f233908165b
76,1,292943.732150736,9104857.08278526,0,6e34ad67-7c30-47ce-b86b-5f233908165b
77,1,291954.906719216,9105036.59397148,0,03209006-33e3-48ae-afc6-c3db9f95d6b2
77,1,292051.03288881,9105009.0302359,0,03209006-33e3-48ae-afc6-c3db9f95d6b2
77,1,292023.469153228,9104912.90406631,0,03209006-33e3-48ae-afc6-c3db9f95d6b2
77,1,291927.342983634,9104940.46780189,0,03209006-33e3-48ae-afc6-c3db9f95d6b2
77,1,291954.906719216,9105036.59397148,0,03209006-33e3-48ae-afc6-c3db9f95d6b2
78,1,292051.03288881,9105009.0302359,0,5f47a689-ae66-491e-b037-b1c8c5198815
78,1,292147.159058404,9104981.46650032,0,5f47a689-ae66-491e-b037-b1c8c5198815
78,1,292119.595322822,9104885.34033072,0,5f47a689-ae66-491e-b037-b1c8c5198815
78,1,292023.469153228,9104912.90406631,0,5f47a689-ae66-491e-b037-b1c8c5198815
78,1,292051.03288881,9105009.0302359,0,5f47a689-ae66-491e-b037-b1c8c5198815
79,1,292147.159058404,9104981.46650032,0,994b4035-3152-44c3-adef-9cf86f4c73f4
79,1,292243.285227998,9104953.90276474,0,994b4035-3152-44c3-adef-9cf86f4c73f4
79,1,292215.721492416,9104857.77659514,0,994b4035-3152-44c3-adef-9cf86f4c73f4
79,1,292119.595322822,9104885.34033072,0,994b4035-3152-44c3-adef-9cf86f4c73f4
79,1,292147.159058404,9104981.46650032,0,994b4035-3152-44c3-adef-9cf86f4c73f4
80,1,292243.285227998,9104953.90276474,0,5f9a8063-fd27-426b-b53a-afce2ae28abd
80,1,292339.411397591,9104926.33902915,0,5f9a8063-fd27-426b-b53a-afce2ae28abd
80,1,292311.84766201,9104830.21285956,0,5f9a8063-fd27-426b-b53a-afce2ae28abd
80,1,292215.721492416,9104857.77659514,0,5f9a8063-fd27-426b-b53a-afce2ae28abd
80,1,292243.285227998,9104953.90276474,0,5f9a8063-fd27-426b-b53a-afce2ae28abd
81,1,292339.411397591,9104926.33902915,0,e640ea41-b1d7-4714-a6b0-2c2e52ea66f0
81,1,292435.537567185,9104898.77529357,0,e640ea41-b1d7-4714-a6b0-2c2e52ea66f0
81,1,292407.973831603,9104802.64912398,0,e640ea41-b1d7-4714-a6b0-2c2e52ea66f0
81,1,292311.84766201,9104830.21285956,0,e640ea41-b1d7-4714-a6b0-2c2e52ea66f0
81,1,292339.411397591,9104926.33902915,0,e640ea41-b1d7-4714-a6b0-2c2e52ea66f0
82,1,292435.537567185,9104898.77529357,0,e77ca7fc-2693-4f12-98e8-331de2a6b016
82,1,292531.663736779,9104871.21155799,0,e77ca7fc-2693-4f12-98e8-331de2a6b016
82,1,292504.100001197,9104775.0853884,0,e77ca7fc-2693-4f12-98e8-331de2a6b016
82,1,292407.973831603,9104802.64912398,0,e77ca7fc-2693-4f12-98e8-331de2a6b016
82,1,292435.537567185,9104898.77529357,0,e77ca7fc-2693-4f12-98e8-331de2a6b016
83,1,292531.663736779,9104871.21155799,0,3e14ac66-5663-458c-8a26-0b4eb62035e8
83,1,292627.789906373,9104843.64782241,0,3e14ac66-5663-458c-8a26-0b4eb62035e8
83,1,292600.226170791,9104747.52165281,0,3e14ac66-5663-458c-8a26-0b4eb62035e8
83,1,292504.100001197,9104775.0853884,0,3e14ac66-5663-458c-8a26-0b4eb62035e8
83,1,292531.663736779,9104871.21155799,0,3e14ac66-5663-458c-8a26-0b4eb62035e8
84,1,292627.789906373,9104843.64782241,0,35de7d9a-79a4-442b-9428-1ebcb9fcf9c3
84,1,292723.916075967,9104816.08408683,0,35de7d9a-79a4-442b-9428-1ebcb9fcf9c3
84,1,292696.352340385,9104719.95791723,0,35de7d9a-79a4-442b-9428-1ebcb9fcf9c3
84,1,292600.226170791,9104747.52165281,0,35de7d9a-79a4-442b-9428-1ebcb9fcf9c3
84,1,292627.789906373,9104843.64782241,0,35de7d9a-79a4-442b-9428-1ebcb9fcf9c3
85,1,292723.916075967,9104816.08408683,0,a7597b1e-b10c-4f34-8b19-8b4d1747a1bd
85,1,292820.042245561,9104788.52035125,0,a7597b1e-b10c-4f34-8b19-8b4d1747a1bd
85,1,292792.478509979,9104692.39418165,0,a7597b1e-b10c-4f34-8b19-8b4d1747a1bd
85,1,292696.352340385,9104719.95791723,0,a7597b1e-b10c-4f34-8b19-8b4d1747a1bd
85,1,292723.916075967,9104816.08408683,0,a7597b1e-b10c-4f34-8b19-8b4d1747a1bd
86,1,292820.042245561,9104788.52035125,0,321c3710-2da8-4a80-86c0-7cc35cd12f01
86,1,292916.168415154,9104760.95661566,0,321c3710-2da8-4a80-86c0-7cc35cd12f01
86,1,292888.604679573,9104664.83044607,0,321c3710-2da8-4a80-86c0-7cc35cd12f01
86,1,292792.478509979,9104692.39418165,0,321c3710-2da8-4a80-86c0-7cc35cd12f01
86,1,292820.042245561,9104788.52035125,0,321c3710-2da8-4a80-86c0-7cc35cd12f01
87,1,292916.168415154,9104760.95661566,0,0c535640-0644-4e1b-b2f3-a882a0946800
87,1,293012.294584748,9104733.39288008,0,0c535640-0644-4e1b-b2f3-a882a0946800
87,1,292984.730849166,9104637.26671049,0,0c535640-0644-4e1b-b2f3-a882a0946800
87,1,292888.604679573,9104664.83044607,0,0c535640-0644-4e1b-b2f3-a882a0946800
87,1,292916.168415154,9104760.95661566,0,0c535640-0644-4e1b-b2f3-a882a0946800
88,1,291927.342983634,9104940.46780189,0,9ee86465-2270-4c10-9ef1-7c9c23eb5257
88,1,292023.469153228,9104912.90406631,0,9ee86465-2270-4c10-9ef1-7c9c23eb5257
88,1,291995.905417646,9104816.77789671,0,9ee86465-2270-4c10-9ef1-7c9c23eb5257
88,1,291899.779248053,9104844.34163229,0,9ee86465-2270-4c10-9ef1-7c9c23eb5257
88,1,291927.342983634,9104940.46780189,0,9ee86465-2270-4c10-9ef1-7c9c23eb5257
89,1,292023.469153228,9104912.90406631,0,42426f93-38f2-4258-9927-49f39f8e5e1b
89,1,292119.595322822,9104885.34033072,0,42426f93-38f2-4258-9927-49f39f8e5e1b
89,1,292092.03158724,9104789.21416113,0,42426f93-38f2-4258-9927-49f39f8e5e1b
89,1,291995.905417646,9104816.77789671,0,42426f93-38f2-4258-9927-49f39f8e5e1b
89,1,292023.469153228,9104912.90406631,0,42426f93-38f2-4258-9927-49f39f8e5e1b
90,1,292119.595322822,9104885.34033072,0,ee0860ef-e8ac-4cd6-a97e-ae3cfcaac250
90,1,292215.721492416,9104857.77659514,0,ee0860ef-e8ac-4cd6-a97e-ae3cfcaac250
90,1,292188.157756834,9104761.65042555,0,ee0860ef-e8ac-4cd6-a97e-ae3cfcaac250
90,1,292092.03158724,9104789.21416113,0,ee0860ef-e8ac-4cd6-a97e-ae3cfcaac250
90,1,292119.595322822,9104885.34033072,0,ee0860ef-e8ac-4cd6-a97e-ae3cfcaac250
91,1,292215.721492416,9104857.77659514,0,df411d54-37fc-4d7e-aec1-94944c060eda
91,1,292311.84766201,9104830.21285956,0,df411d54-37fc-4d7e-aec1-94944c060eda
91,1,292284.283926428,9104734.08668997,0,df411d54-37fc-4d7e-aec1-94944c060eda
91,1,292188.157756834,9104761.65042555,0,df411d54-37fc-4d7e-aec1-94944c060eda
91,1,292215.721492416,9104857.77659514,0,df411d54-37fc-4d7e-aec1-94944c060eda
92,1,292311.84766201,9104830.21285956,0,eb989e99-d551-4c39-a41a-62349e1eea65
92,1,292407.973831603,9104802.64912398,0,eb989e99-d551-4c39-a41a-62349e1eea65
92,1,292380.410096022,9104706.52295438,0,eb989e99-d551-4c39-a41a-62349e1eea65
92,1,292284.283926428,9104734.08668997,0,eb989e99-d551-4c39-a41a-62349e1eea65
92,1,292311.84766201,9104830.21285956,0,eb989e99-d551-4c39-a41a-62349e1eea65
93,1,292407.973831603,9104802.64912398,0,c507effd-06b2-4f2b-abb1-67fd26976efc
93,1,292504.100001197,9104775.0853884,0,c507effd-06b2-4f2b-abb1-67fd26976efc
93,1,292476.536265616,9104678.9592188,0,c507effd-06b2-4f2b-abb1-67fd26976efc
93,1,292380.410096022,9104706.52295438,0,c507effd-06b2-4f2b-abb1-67fd26976efc
93,1,292407.973831603,9104802.64912398,0,c507effd-06b2-4f2b-abb1-67fd26976efc
94,1,292504.100001197,9104775.0853884,0,852f9433-a4e1-4739-8184-ecd13ec5a907
94,1,292600.226170791,9104747.52165281,0,852f9433-a4e1-4739-8184-ecd13ec5a907
94,1,292572.662435209,9104651.39548322,0,852f9433-a4e1-4739-8184-ecd13ec5a907
94,1,292476.536265616,9104678.9592188,0,852f9433-a4e1-4739-8184-ecd13ec5a907
94,1,292504.100001197,9104775.0853884,0,852f9433-a4e1-4739-8184-ecd13ec5a907
95,1,292600.226170791,9104747.52165281,0,10dd701b-9782-4a09-8dd5-2c5836dcad6e
95,1,292696.352340385,9104719.95791723,0,10dd701b-9782-4a09-8dd5-2c5836dcad6e
95,1,292668.788604803,9104623.83174764,0,10dd701b-9782-4a09-8dd5-2c5836dcad6e
95,1,292572.662435209,9104651.39548322,0,10dd701b-9782-4a09-8dd5-2c5836dcad6e
95,1,292600.226170791,9104747.52165281,0,10dd701b-9782-4a09-8dd5-2c5836dcad6e
96,1,292696.352340385,9104719.95791723,0,3ae9b500-af23-40f0-af05-b15bef311c4f
96,1,292792.478509979,9104692.39418165,0,3ae9b500-af23-40f0-af05-b15bef311c4f
96,1,292764.914774397,9104596.26801206,0,3ae9b500-af23-40f0-af05-b15bef311c4f
96,1,292668.788604803,9104623.83174764,0,3ae9b500-af23-40f0-af05-b15bef311c4f
96,1,292696.352340385,9104719.95791723,0,3ae9b500-af23-40f0-af05-b15bef311c4f
97,1,292792.478509979,9104692.39418165,0,094dbdf1-ffb2-4b19-becc-85766d0e6de9
97,1,292888.604679573,9104664.83044607,0,094dbdf1-ffb2-4b19-becc-85766d0e6de9
97,1,292861.040943991,9104568.70427648,0,094dbdf1-ffb2-4b19-becc-85766d0e6de9
97,1,292764.914774397,9104596.26801206,0,094dbdf1-ffb2-4b19-becc-85766d0e6de9
97,1,292792.478509979,9104692.39418165,0,094dbdf1-ffb2-4b19-becc-85766d0e6de9
98,1,292888.604679573,9104664.83044607,0,e8ce4bc0-9cdc-4b89-800c-baa7dd7c6b30
98,1,292984.730849166,9104637.26671049,0,e8ce4bc0-9cdc-4b89-800c-baa7dd7c6b30
98,1,292957.167113585,9104541.14054089,0,e8ce4bc0-9cdc-4b89-800c-baa7dd7c6b30
98,1,292861.040943991,9104568.70427648,0,e8ce4bc0-9cdc-4b89-800c-baa7dd7c6b30
98,1,292888.604679573,9104664.83044607,0,e8ce4bc0-9cdc-4b89-800c-baa7dd7c6b30
99,1,291899.779248053,9104844.34163229,0,93210a8d-8ee3-4968-94bc-40d854c7ed3b
99,1,291995.905417646,9104816.77789671,0,93210a8d-8ee3-4968-94bc-40d854c7ed3b
99,1,291968.341682065,9104720.65172712,0,93210a8d-8ee3-4968-94bc-40d854c7ed3b
99,1,291872.215512471,9104748.2154627,0,93210a8d-8ee3-4968-94bc-40d854c7ed3b
99,1,291899.779248053,9104844.34163229,0,93210a8d-8ee3-4968-94bc-40d854c7ed3b
100,1,291995.905417646,9104816.77789671,0,8833338b-2239-4956-bfce-3f54e1bd606c
100,1,292092.03158724,9104789.21416113,0,8833338b-2239-4956-bfce-3f54e1bd606c
100,1,292064.467851659,9104693.08799154,0,8833338b-2239-4956-bfce-3f54e1bd606c
100,1,291968.341682065,9104720.65172712,0,8833338b-2239-4956-bfce-3f54e1bd606c
100,1,291995.905417646,9104816.77789671,0,8833338b-2239-4956-bfce-3f54e1bd606c
101,1,292092.03158724,9104789.21416113,0,2578bcc2-f6b5-4b4b-a43b-4af119fef205
101,1,292188.157756834,9104761.65042555,0,2578bcc2-f6b5-4b4b-a43b-4af119fef205
101,1,292160.594021252,9104665.52425595,0,2578bcc2-f6b5-4b4b-a43b-4af119fef205
101,1,292064.467851659,9104693.08799154,0,2578bcc2-f6b5-4b4b-a43b-4af119fef205
101,1,292092.03158724,9104789.21416113,0,2578bcc2-f6b5-4b4b-a43b-4af119fef205
102,1,292188.157756834,9104761.65042555,0,6c585058-1beb-47a2-a907-22b3274a88b9
102,1,292284.283926428,9104734.08668997,0,6c585058-1beb-47a2-a907-22b3274a88b9
102,1,292256.720190846,9104637.96052037,0,6c585058-1beb-47a2-a907-22b3274a88b9
102,1,292160.594021252,9104665.52425595,0,6c585058-1beb-47a2-a907-22b3274a88b9
102,1,292188.157756834,9104761.65042555,0,6c585058-1beb-47a2-a907-22b3274a88b9
103,1,292284.283926428,9104734.08668997,0,d2883156-353a-47ae-aab4-b0b72af89ebf
103,1,292380.410096022,9104706.52295438,0,d2883156-353a-47ae-aab4-b0b72af89ebf
103,1,292352.84636044,9104610.39678479,0,d2883156-353a-47ae-aab4-b0b72af89ebf
103,1,292256.720190846,9104637.96052037,0,d2883156-353a-47ae-aab4-b0b72af89ebf
103,1,292284.283926428,9104734.08668997,0,d2883156-353a-47ae-aab4-b0b72af89ebf
104,1,292380.410096022,9104706.52295438,0,38ac5108-d31a-4ab6-a584-96dcb4c7a0c7
104,1,292476.536265616,9104678.9592188,0,38ac5108-d31a-4ab6-a584-96dcb4c7a0c7
104,1,292448.972530034,9104582.83304921,0,38ac5108-d31a-4ab6-a584-96dcb4c7a0c7
104,1,292352.84636044,9104610.39678479,0,38ac5108-d31a-4ab6-a584-96dcb4c7a0c7
104,1,292380.410096022,9104706.52295438,0,38ac5108-d31a-4ab6-a584-96dcb4c7a0c7
105,1,292476.536265616,9104678.9592188,0,da5a0a8f-56b2-45ec-aa6b-7bc3b03b51ec
105,1,292572.662435209,9104651.39548322,0,da5a0a8f-56b2-45ec-aa6b-7bc3b03b51ec
105,1,292545.098699628,9104555.26931363,0,da5a0a8f-56b2-45ec-aa6b-7bc3b03b51ec
105,1,292448.972530034,9104582.83304921,0,da5a0a8f-56b2-45ec-aa6b-7bc3b03b51ec
105,1,292476.536265616,9104678.9592188,0,da5a0a8f-56b2-45ec-aa6b-7bc3b03b51ec
106,1,292572.662435209,9104651.39548322,0,45fef325-3d32-469c-8f03-11f65611ebac
106,1,292668.788604803,9104623.83174764,0,45fef325-3d32-469c-8f03-11f65611ebac
106,1,292641.224869222,9104527.70557805,0,45fef325-3d32-469c-8f03-11f65611ebac
106,1,292545.098699628,9104555.26931363,0,45fef325-3d32-469c-8f03-11f65611ebac
106,1,292572.662435209,9104651.39548322,0,45fef325-3d32-469c-8f03-11f65611ebac
107,1,292668.788604803,9104623.83174764,0,44b8b64b-f53c-4da4-81a8-4cd5c70916b0
107,1,292764.914774397,9104596.26801206,0,44b8b64b-f53c-4da4-81a8-4cd5c70916b0
107,1,292737.351038815,9104500.14184246,0,44b8b64b-f53c-4da4-81a8-4cd5c70916b0
107,1,292641.224869222,9104527.70557805,0,44b8b64b-f53c-4da4-81a8-4cd5c70916b0
107,1,292668.788604803,9104623.83174764,0,44b8b64b-f53c-4da4-81a8-4cd5c70916b0
108,1,292764.914774397,9104596.26801206,0,b6416d81-4b10-4c95-a99c-f84c6811309d
108,1,292861.040943991,9104568.70427648,0,b6416d81-4b10-4c95-a99c-f84c6811309d
108,1,292833.477208409,9104472.57810688,0,b6416d81-4b10-4c95-a99c-f84c6811309d
108,1,292737.351038815,9104500.14184246,0,b6416d81-4b10-4c95-a99c-f84c6811309d
108,1,292764.914774397,9104596.26801206,0,b6416d81-4b10-4c95-a99c-f84c6811309d
109,1,292861.040943991,9104568.70427648,0,1adb40cc-6b83-4b73-bbd4-c2ad13ae6c13
109,1,292957.167113585,9104541.14054089,0,1adb40cc-6b83-4b73-bbd4-c2ad13ae6c13
109,1,292929.603378003,9104445.0143713,0,1adb40cc-6b83-4b73-bbd4-c2ad13ae6c13
109,1,292833.477208409,9104472.57810688,0,1adb40cc-6b83-4b73-bbd4-c2ad13ae6c13
109,1,292861.040943991,9104568.70427648,0,1adb40cc-6b83-4b73-bbd4-c2ad13ae6c13
110,1,291872.215512471,9104748.2154627,0,67b960ab-f77f-46c7-b850-f4b69214cca6
110,1,291968.341682065,9104720.65172712,0,67b960ab-f77f-46c7-b850-f4b69214cca6
110,1,291940.777946483,9104624.52555752,0,67b960ab-f77f-46c7-b850-f4b69214cca6
110,1,291844.651776889,9104652.08929311,0,67b960ab-f77f-46c7-b850-f4b69214cca6
110,1,291872.215512471,9104748.2154627,0,67b960ab-f77f-46c7-b850-f4b69214cca6
111,1,291968.341682065,9104720.65172712,0,3f6df563-3122-439c-9bf7-b9a9ed749977
111,1,292064.467851659,9104693.08799154,0,3f6df563-3122-439c-9bf7-b9a9ed749977
111,1,292036.904116077,9104596.96182194,0,3f6df563-3122-439c-9bf7-b9a9ed749977
111,1,291940.777946483,9104624.52555752,0,3f6df563-3122-439c-9bf7-b9a9ed749977
111,1,291968.341682065,9104720.65172712,0,3f6df563-3122-439c-9bf7-b9a9ed749977
112,1,292064.467851659,9104693.08799154,0,6debd53c-876f-4007-867f-809d05ead88e
112,1,292160.594021252,9104665.52425595,0,6debd53c-876f-4007-867f-809d05ead88e
112,1,292133.030285671,9104569.39808636,0,6debd53c-876f-4007-867f-809d05ead88e
112,1,292036.904116077,9104596.96182194,0,6debd53c-876f-4007-867f-809d05ead88e
112,1,292064.467851659,9104693.08799154,0,6debd53c-876f-4007-867f-809d05ead88e
113,1,292160.594021252,9104665.52425595,0,6fdc6984-d56c-4b5c-b74a-f5784edafa1d
113,1,292256.720190846,9104637.96052037,0,6fdc6984-d56c-4b5c-b74a-f5784edafa1d
113,1,292229.156455265,9104541.83435078,0,6fdc6984-d56c-4b5c-b74a-f5784edafa1d
113,1,292133.030285671,9104569.39808636,0,6fdc6984-d56c-4b5c-b74a-f5784edafa1d
113,1,292160.594021252,9104665.52425595,0,6fdc6984-d56c-4b5c-b74a-f5784edafa1d
114,1,292256.720190846,9104637.96052037,0,51e0f963-9ada-4a07-be15-b585298379e0
114,1,292352.84636044,9104610.39678479,0,51e0f963-9ada-4a07-be15-b585298379e0
114,1,292325.282624858,9104514.2706152,0,51e0f963-9ada-4a07-be15-b585298379e0
114,1,292229.156455265,9104541.83435078,0,51e0f963-9ada-4a07-be15-b585298379e0
114,1,292256.720190846,9104637.96052037,0,51e0f963-9ada-4a07-be15-b585298379e0
115,1,292352.84636044,9104610.39678479,0,ca3b3d98-c6bb-4cfe-af24-3aaf37fd4cf5
115,1,292448.972530034,9104582.83304921,0,ca3b3d98-c6bb-4cfe-af24-3aaf37fd4cf5
115,1,292421.408794452,9104486.70687962,0,ca3b3d98-c6bb-4cfe-af24-3aaf37fd4cf5
115,1,292325.282624858,9104514.2706152,0,ca3b3d98-c6bb-4cfe-af24-3aaf37fd4cf5
115,1,292352.84636044,9104610.39678479,0,ca3b3d98-c6bb-4cfe-af24-3aaf37fd4cf5
116,1,292448.972530034,9104582.83304921,0,275cc888-6962-4967-a496-9cfb868bc56f
116,1,292545.098699628,9104555.26931363,0,275cc888-6962-4967-a496-9cfb868bc56f
116,1,292517.534964046,9104459.14314403,0,275cc888-6962-4967-a496-9cfb868bc56f
116,1,292421.408794452,9104486.70687962,0,275cc888-6962-4967-a496-9cfb868bc56f
116,1,292448.972530034,9104582.83304921,0,275cc888-6962-4967-a496-9cfb868bc56f
117,1,292545.098699628,9104555.26931363,0,aaebe2b5-bdea-48c3-918a-fb38ee1a36d5
117,1,292641.224869222,9104527.70557805,0,aaebe2b5-bdea-48c3-918a-fb38ee1a36d5
117,1,292613.66113364,9104431.57940845,0,aaebe2b5-bdea-48c3-918a-fb38ee1a36d5
117,1,292517.534964046,9104459.14314403,0,aaebe2b5-bdea-48c3-918a-fb38ee1a36d5
117,1,292545.098699628,9104555.26931363,0,aaebe2b5-bdea-48c3-918a-fb38ee1a36d5
118,1,292641.224869222,9104527.70557805,0,d615ee9c-f37c-4c55-85a0-1a8d300c208e
118,1,292737.351038815,9104500.14184246,0,d615ee9c-f37c-4c55-85a0-1a8d300c208e
118,1,292709.787303234,9104404.01567287,0,d615ee9c-f37c-4c55-85a0-1a8d300c208e
118,1,292613.66113364,9104431.57940845,0,d615ee9c-f37c-4c55-85a0-1a8d300c208e
118,1,292641.224869222,9104527.70557805,0,d615ee9c-f37c-4c55-85a0-1a8d300c208e
119,1,292737.351038815,9104500.14184246,0,4e763e4e-8c48-4ca5-8a68-fcdf1248e5bf
119,1,292833.477208409,9104472.57810688,0,4e763e4e-8c48-4ca5-8a68-fcdf1248e5bf
119,1,292805.913472828,9104376.45193729,0,4e763e4e-8c48-4ca5-8a68-fcdf1248e5bf
119,1,292709.787303234,9104404.01567287,0,4e763e4e-8c48-4ca5-8a68-fcdf1248e5bf
119,1,292737.351038815,9104500.14184246,0,4e763e4e-8c48-4ca5-8a68-fcdf1248e5bf
120,1,292833.477208409,9104472.57810688,0,aeae3091-1ac7-4f1b-b705-056dd8e26e7e
120,1,292929.603378003,9104445.0143713,0,aeae3091-1ac7-4f1b-b705-056dd8e26e7e
120,1,292902.039642421,9104348.88820171,0,aeae3091-1ac7-4f1b-b705-056dd8e26e7e
120,1,292805.913472828,9104376.45193729,0,aeae3091-1ac7-4f1b-b705-056dd8e26e7e
120,1,292833.477208409,9104472.57810688,0,aeae3091-1ac7-4f1b-b705-056dd8e26e7e
121,1,291844.651776889,9104652.08929311,0,352065ab-b7ad-4886-81d1-b47cfd262f29
121,1,291940.777946483,9104624.52555752,0,352065ab-b7ad-4886-81d1-b47cfd262f29
121,1,291913.214210901,9104528.39938793,0,352065ab-b7ad-4886-81d1-b47cfd262f29
121,1,291817.088041308,9104555.96312351,0,352065ab-b7ad-4886-81d1-b47cfd262f29
121,1,291844.651776889,9104652.08929311,0,352065ab-b7ad-4886-81d1-b47cfd262f29
122,1,291940.777946483,9104624.52555752,0,dd7b0d5b-1771-43c0-b10a-cbd5275fb323
122,1,292036.904116077,9104596.96182194,0,dd7b0d5b-1771-43c0-b10a-cbd5275fb323
122,1,292009.340380495,9104500.83565235,0,dd7b0d5b-1771-43c0-b10a-cbd5275fb323
122,1,291913.214210901,9104528.39938793,0,dd7b0d5b-1771-43c0-b10a-cbd5275fb323
122,1,291940.777946483,9104624.52555752,0,dd7b0d5b-1771-43c0-b10a-cbd5275fb323
123,1,292036.904116077,9104596.96182194,0,4cc78811-e6b2-46b5-afec-c0c4789fb883
123,1,292133.030285671,9104569.39808636,0,4cc78811-e6b2-46b5-afec-c0c4789fb883
123,1,292105.466550089,9104473.27191677,0,4cc78811-e6b2-46b5-afec-c0c4789fb883
123,1,292009.340380495,9104500.83565235,0,4cc78811-e6b2-46b5-afec-c0c4789fb883
123,1,292036.904116077,9104596.96182194,0,4cc78811-e6b2-46b5-afec-c0c4789fb883
124,1,292133.030285671,9104569.39808636,0,39e04ff7-9f85-4ea3-99fd-bc74ce1b59da
124,1,292229.156455265,9104541.83435078,0,39e04ff7-9f85-4ea3-99fd-bc74ce1b59da
124,1,292201.592719683,9104445.70818118,0,39e04ff7-9f85-4ea3-99fd-bc74ce1b59da
124,1,292105.466550089,9104473.27191677,0,39e04ff7-9f85-4ea3-99fd-bc74ce1b59da
124,1,292133.030285671,9104569.39808636,0,39e04ff7-9f85-4ea3-99fd-bc74ce1b59da
125,1,292229.156455265,9104541.83435078,0,20f0c4fe-3c1a-4c7c-b411-99cca0a5d043
125,1,292325.282624858,9104514.2706152,0,20f0c4fe-3c1a-4c7c-b411-99cca0a5d043
125,1,292297.718889277,9104418.1444456,0,20f0c4fe-3c1a-4c7c-b411-99cca0a5d043
125,1,292201.592719683,9104445.70818118,0,20f0c4fe-3c1a-4c7c-b411-99cca0a5d043
125,1,292229.156455265,9104541.83435078,0,20f0c4fe-3c1a-4c7c-b411-99cca0a5d043
126,1,292325.282624858,9104514.2706152,0,03d073e0-0226-4a6e-a25e-af853b44b8d1
126,1,292421.408794452,9104486.70687962,0,03d073e0-0226-4a6e-a25e-af853b44b8d1
126,1,292393.845058871,9104390.58071002,0,03d073e0-0226-4a6e-a25e-af853b44b8d1
126,1,292297.718889277,9104418.1444456,0,03d073e0-0226-4a6e-a25e-af853b44b8d1
126,1,292325.282624858,9104514.2706152,0,03d073e0-0226-4a6e-a25e-af853b44b8d1
127,1,292421.408794452,9104486.70687962,0,f2b433fe-2532-4804-97db-89fa5762b330
127,1,292517.534964046,9104459.14314403,0,f2b433fe-2532-4804-97db-89fa5762b330
127,1,292489.971228464,9104363.01697444,0,f2b433fe-2532-4804-97db-89fa5762b330
127,1,292393.845058871,9104390.58071002,0,f2b433fe-2532-4804-97db-89fa5762b330
127,1,292421.408794452,9104486.70687962,0,f2b433fe-2532-4804-97db-89fa5762b330
128,1,292517.534964046,9104459.14314403,0,1671139f-92da-42b0-866c-0f218c9504c6
128,1,292613.66113364,9104431.57940845,0,1671139f-92da-42b0-866c-0f218c9504c6
128,1,292586.097398058,9104335.45323886,0,1671139f-92da-42b0-866c-0f218c9504c6
128,1,292489.971228464,9104363.01697444,0,1671139f-92da-42b0-866c-0f218c9504c6
128,1,292517.534964046,9104459.14314403,0,1671139f-92da-42b0-866c-0f218c9504c6
129,1,292613.66113364,9104431.57940845,0,61465734-45fd-4606-b49f-61a41818b524
129,1,292709.787303234,9104404.01567287,0,61465734-45fd-4606-b49f-61a41818b524
129,1,292682.223567652,9104307.88950328,0,61465734-45fd-4606-b49f-61a41818b524
129,1,292586.097398058,9104335.45323886,0,61465734-45fd-4606-b49f-61a41818b524
129,1,292613.66113364,9104431.57940845,0,61465734-45fd-4606-b49f-61a41818b524
130,1,292709.787303234,9104404.01567287,0,4ececb12-9703-43b5-8197-6bd34e298c28
130,1,292805.913472828,9104376.45193729,0,4ececb12-9703-43b5-8197-6bd34e298c28
130,1,292778.349737246,9104280.32576769,0,4ececb12-9703-43b5-8197-6bd34e298c28
130,1,292682.223567652,9104307.88950328,0,4ececb12-9703-43b5-8197-6bd34e298c28
130,1,292709.787303234,9104404.01567287,0,4ececb12-9703-43b5-8197-6bd34e298c28
131,1,292805.913472828,9104376.45193729,0,25f9b929-7b6d-467b-8480-a8586da94c9b
131,1,292902.039642421,9104348.88820171,0,25f9b929-7b6d-467b-8480-a8586da94c9b
131,1,292874.47590684,9104252.76203211,0,25f9b929-7b6d-467b-8480-a8586da94c9b
131,1,292778.349737246,9104280.32576769,0,25f9b929-7b6d-467b-8480-a8586da94c9b
131,1,292805.913472828,9104376.45193729,0,25f9b929-7b6d-467b-8480-a8586da94c9b
132,1,291817.088041308,9104555.96312351,0,3d5dcbee-39da-4b6b-b1ad-f0ed6d18591a
132,1,291913.214210901,9104528.39938793,0,3d5dcbee-39da-4b6b-b1ad-f0ed6d18591a
132,1,291885.65047532,9104432.27321834,0,3d5dcbee-39da-4b6b-b1ad-f0ed6d18591a
132,1,291789.524305726,9104459.83695392,0,3d5dcbee-39da-4b6b-b1ad-f0ed6d18591a
132,1,291817.088041308,9104555.96312351,0,3d5dcbee-39da-4b6b-b1ad-f0ed6d18591a
133,1,291913.214210901,9104528.39938793,0,a089994f-5745-497a-931f-74371ebebae2
133,1,292009.340380495,9104500.83565235,0,a089994f-5745-497a-931f-74371ebebae2
133,1,291981.776644913,9104404.70948275,0,a089994f-5745-497a-931f-74371ebebae2
133,1,291885.65047532,9104432.27321834,0,a089994f-5745-497a-931f-74371ebebae2
133,1,291913.214210901,9104528.39938793,0,a089994f-5745-497a-931f-74371ebebae2
134,1,292009.340380495,9104500.83565235,0,78c9124f-3e1d-41aa-ab7f-e9e11a6d3ebb
134,1,292105.466550089,9104473.27191677,0,78c9124f-3e1d-41aa-ab7f-e9e11a6d3ebb
134,1,292077.902814507,9104377.14574717,0,78c9124f-3e1d-41aa-ab7f-e9e11a6d3ebb
134,1,291981.776644913,9104404.70948275,0,78c9124f-3e1d-41aa-ab7f-e9e11a6d3ebb
134,1,292009.340380495,9104500.83565235,0,78c9124f-3e1d-41aa-ab7f-e9e11a6d3ebb
135,1,292105.466550089,9104473.27191677,0,0d0f8624-2458-48b2-b2e7-869769633db5
135,1,292201.592719683,9104445.70818118,0,0d0f8624-2458-48b2-b2e7-869769633db5
135,1,292174.028984101,9104349.58201159,0,0d0f8624-2458-48b2-b2e7-869769633db5
135,1,292077.902814507,9104377.14574717,0,0d0f8624-2458-48b2-b2e7-869769633db5
135,1,292105.466550089,9104473.27191677,0,0d0f8624-2458-48b2-b2e7-869769633db5
136,1,292201.592719683,9104445.70818118,0,735ae3f6-cf23-4c43-abf1-cc2eb09ec22c
136,1,292297.718889277,9104418.1444456,0,735ae3f6-cf23-4c43-abf1-cc2eb09ec22c
136,1,292270.155153695,9104322.01827601,0,735ae3f6-cf23-4c43-abf1-cc2eb09ec22c
136,1,292174.028984101,9104349.58201159,0,735ae3f6-cf23-4c43-abf1-cc2eb09ec22c
136,1,292201.592719683,9104445.70818118,0,735ae3f6-cf23-4c43-abf1-cc2eb09ec22c
137,1,292297.718889277,9104418.1444456,0,abd79120-5571-46ba-9287-f72a33bc0084
137,1,292393.845058871,9104390.58071002,0,abd79120-5571-46ba-9287-f72a33bc0084
137,1,292366.281323289,9104294.45454043,0,abd79120-5571-46ba-9287-f72a33bc0084
137,1,292270.155153695,9104322.01827601,0,abd79120-5571-46ba-9287-f72a33bc0084
137,1,292297.718889277,9104418.1444456,0,abd79120-5571-46ba-9287-f72a33bc0084
138,1,292393.845058871,9104390.58071002,0,5aee31c1-304b-41e1-a1a5-b96b93205b75
138,1,292489.971228464,9104363.01697444,0,5aee31c1-304b-41e1-a1a5-b96b93205b75
138,1,292462.407492883,9104266.89080485,0,5aee31c1-304b-41e1-a1a5-b96b93205b75
138,1,292366.281323289,9104294.45454043,0,5aee31c1-304b-41e1-a1a5-b96b93205b75
138,1,292393.845058871,9104390.58071002,0,5aee31c1-304b-41e1-a1a5-b96b93205b75
139,1,292489.971228464,9104363.01697444,0,234912a8-b8d2-415c-9e1a-2cfb86e6e3dc
139,1,292586.097398058,9104335.45323886,0,234912a8-b8d2-415c-9e1a-2cfb86e6e3dc
139,1,292558.533662476,9104239.32706926,0,234912a8-b8d2-415c-9e1a-2cfb86e6e3dc
139,1,292462.407492883,9104266.89080485,0,234912a8-b8d2-415c-9e1a-2cfb86e6e3dc
139,1,292489.971228464,9104363.01697444,0,234912a8-b8d2-415c-9e1a-2cfb86e6e3dc
140,1,292586.097398058,9104335.45323886,0,eb1b9075-b191-4f62-9bb5-cd5c09c16219
140,1,292682.223567652,9104307.88950328,0,eb1b9075-b191-4f62-9bb5-cd5c09c16219
140,1,292654.65983207,9104211.76333368,0,eb1b9075-b191-4f62-9bb5-cd5c09c16219
140,1,292558.533662476,9104239.32706926,0,eb1b9075-b191-4f62-9bb5-cd5c09c16219
140,1,292586.097398058,9104335.45323886,0,eb1b9075-b191-4f62-9bb5-cd5c09c16219
141,1,292682.223567652,9104307.88950328,0,39438fcc-7bb5-42b4-aacf-17ea004ff1dc
141,1,292778.349737246,9104280.32576769,0,39438fcc-7bb5-42b4-aacf-17ea004ff1dc
141,1,292750.786001664,9104184.1995981,0,39438fcc-7bb5-42b4-aacf-17ea004ff1dc
141,1,292654.65983207,9104211.76333368,0,39438fcc-7bb5-42b4-aacf-17ea004ff1dc
141,1,292682.223567652,9104307.88950328,0,39438fcc-7bb5-42b4-aacf-17ea004ff1dc
142,1,292778.349737246,9104280.32576769,0,e4276ffe-aaf0-488c-bfee-6a65d18d2aed
142,1,292874.47590684,9104252.76203211,0,e4276ffe-aaf0-488c-bfee-6a65d18d2aed
142,1,292846.912171258,9104156.63586252,0,e4276ffe-aaf0-488c-bfee-6a65d18d2aed
142,1,292750.786001664,9104184.1995981,0,e4276ffe-aaf0-488c-bfee-6a65d18d2aed
142,1,292778.349737246,9104280.32576769,0,e4276ffe-aaf0-488c-bfee-6a65d18d2aed
143,1,291789.524305726,9104459.83695392,0,22fa48ec-e6c5-416d-ae04-e9a776e73392
143,1,291885.65047532,9104432.27321834,0,22fa48ec-e6c5-416d-ae04-e9a776e73392
143,1,291858.086739738,9104336.14704874,0,22fa48ec-e6c5-416d-ae04-e9a776e73392
143,1,291761.960570144,9104363.71078432,0,22fa48ec-e6c5-416d-ae04-e9a776e73392
143,1,291789.524305726,9104459.83695392,0,22fa48ec-e6c5-416d-ae04-e9a776e73392
144,1,291885.65047532,9104432.27321834,0,7e387077-6a7c-4956-a91c-fdb343a8c8d4
144,1,291981.776644913,9104404.70948275,0,7e387077-6a7c-4956-a91c-fdb343a8c8d4
144,1,291954.212909332,9104308.58331316,0,7e387077-6a7c-4956-a91c-fdb343a8c8d4
144,1,291858.086739738,9104336.14704874,0,7e387077-6a7c-4956-a91c-fdb343a8c8d4
144,1,291885.65047532,9104432.27321834,0,7e387077-6a7c-4956-a91c-fdb343a8c8d4
145,1,291981.776644913,9104404.70948275,0,57cbf69e-8887-464e-b5ce-b86b6a645d15
145,1,292077.902814507,9104377.14574717,0,57cbf69e-8887-464e-b5ce-b86b6a645d15
145,1,292050.339078926,9104281.01957758,0,57cbf69e-8887-464e-b5ce-b86b6a645d15
145,1,291954.212909332,9104308.58331316,0,57cbf69e-8887-464e-b5ce-b86b6a645d15
145,1,291981.776644913,9104404.70948275,0,57cbf69e-8887-464e-b5ce-b86b6a645d15
146,1,292077.902814507,9104377.14574717,0,681cc498-8a4a-4b91-8501-d2350acf217d
146,1,292174.028984101,9104349.58201159,0,681cc498-8a4a-4b91-8501-d2350acf217d
146,1,292146.465248519,9104253.455842,0,681cc498-8a4a-4b91-8501-d2350acf217d
146,1,292050.339078926,9104281.01957758,0,681cc498-8a4a-4b91-8501-d2350acf217d
146,1,292077.902814507,9104377.14574717,0,681cc498-8a4a-4b91-8501-d2350acf217d
147,1,292174.028984101,9104349.58201159,0,64dbf994-7d38-4ca5-ab99-55da9f14fd74
147,1,292270.155153695,9104322.01827601,0,64dbf994-7d38-4ca5-ab99-55da9f14fd74
147,1,292242.591418113,9104225.89210642,0,64dbf994-7d38-4ca5-ab99-55da9f14fd74
147,1,292146.465248519,9104253.455842,0,64dbf994-7d38-4ca5-ab99-55da9f14fd74
147,1,292174.028984101,9104349.58201159,0,64dbf994-7d38-4ca5-ab99-55da9f14fd74
148,1,292270.155153695,9104322.01827601,0,c51edc72-6100-46b5-964c-4c38a7be64c9
148,1,292366.281323289,9104294.45454043,0,c51edc72-6100-46b5-964c-4c38a7be64c9
148,1,292338.717587707,9104198.32837083,0,c51edc72-6100-46b5-964c-4c38a7be64c9
148,1,292242.591418113,9104225.89210642,0,c51edc72-6100-46b5-964c-4c38a7be64c9
148,1,292270.155153695,9104322.01827601,0,c51edc72-6100-46b5-964c-4c38a7be64c9
149,1,292366.281323289,9104294.45454043,0,3b00ea87-94ed-4ffc-bafc-a130938e095c
149,1,292462.407492883,9104266.89080485,0,3b00ea87-94ed-4ffc-bafc-a130938e095c
149,1,292434.843757301,9104170.76463525,0,3b00ea87-94ed-4ffc-bafc-a130938e095c
149,1,292338.717587707,9104198.32837083,0,3b00ea87-94ed-4ffc-bafc-a130938e095c
149,1,292366.281323289,9104294.45454043,0,3b00ea87-94ed-4ffc-bafc-a130938e095c
150,1,292462.407492883,9104266.89080485,0,e7869ba3-ebf7-44a4-ab14-77afc0a6afdf
150,1,292558.533662476,9104239.32706926,0,e7869ba3-ebf7-44a4-ab14-77afc0a6afdf
150,1,292530.969926895,9104143.20089967,0,e7869ba3-ebf7-44a4-ab14-77afc0a6afdf
150,1,292434.843757301,9104170.76463525,0,e7869ba3-ebf7-44a4-ab14-77afc0a6afdf
150,1,292462.407492883,9104266.89080485,0,e7869ba3-ebf7-44a4-ab14-77afc0a6afdf
151,1,292558.533662476,9104239.32706926,0,f7c46c6d-6d4f-4296-8048-f3f661614db1
151,1,292654.65983207,9104211.76333368,0,f7c46c6d-6d4f-4296-8048-f3f661614db1
151,1,292627.096096489,9104115.63716409,0,f7c46c6d-6d4f-4296-8048-f3f661614db1
151,1,292530.969926895,9104143.20089967,0,f7c46c6d-6d4f-4296-8048-f3f661614db1
151,1,292558.533662476,9104239.32706926,0,f7c46c6d-6d4f-4296-8048-f3f661614db1
152,1,292654.65983207,9104211.76333368,0,5d47ec5e-deb8-4e67-8e1d-5732ad28daf5
152,1,292750.786001664,9104184.1995981,0,5d47ec5e-deb8-4e67-8e1d-5732ad28daf5
152,1,292723.222266082,9104088.07342851,0,5d47ec5e-deb8-4e67-8e1d-5732ad28daf5
152,1,292627.096096489,9104115.63716409,0,5d47ec5e-deb8-4e67-8e1d-5732ad28daf5
152,1,292654.65983207,9104211.76333368,0,5d47ec5e-deb8-4e67-8e1d-5732ad28daf5
153,1,292750.786001664,9104184.1995981,0,680c229e-c3b4-4afd-921c-f16a3f3a3223
153,1,292846.912171258,9104156.63586252,0,680c229e-c3b4-4afd-921c-f16a3f3a3223
153,1,292819.348435676,9104060.50969293,0,680c229e-c3b4-4afd-921c-f16a3f3a3223
153,1,292723.222266082,9104088.07342851,0,680c229e-c3b4-4afd-921c-f16a3f3a3223
153,1,292750.786001664,9104184.1995981,0,680c229e-c3b4-4afd-921c-f16a3f3a3223
