FeatureID,PartID,X,Y,Z,SLB_WHI_ID,,,,,,FeatureID,PartID,X,Y
0,1,292147.8529,9105709.477,0,7eec68cd-eca2-46c0-b834-90e852a62cd3,,,,0,,0,1,292147.8529,9105709.477
0,1,292243.979,9105681.913,0,7eec68cd-eca2-46c0-b834-90e852a62cd3,,,,0,,0,1,292243.979,9105681.913
0,1,292216.4153,9105585.787,0,7eec68cd-eca2-46c0-b834-90e852a62cd3,,,,0,,0,1,292216.4153,9105585.787
0,1,292120.2891,9105613.351,0,7eec68cd-eca2-46c0-b834-90e852a62cd3,,,,0,,0,1,292120.2891,9105613.351
0,1,292147.8529,9105709.477,0,7eec68cd-eca2-46c0-b834-90e852a62cd3,,,,1,,1,1,292243.979,9105681.913
1,1,292243.979,9105681.913,0,18c336ab-8e17-455a-b4ed-1e979527300d,,,,0,,1,1,292340.1052,9105654.35
1,1,292340.1052,9105654.35,0,18c336ab-8e17-455a-b4ed-1e979527300d,,,,0,,1,1,292312.5415,9105558.224
1,1,292312.5415,9105558.224,0,18c336ab-8e17-455a-b4ed-1e979527300d,,,,0,,1,1,292216.4153,9105585.787
1,1,292216.4153,9105585.787,0,18c336ab-8e17-455a-b4ed-1e979527300d,,,,0,,2,1,292120.2891,9105613.351
1,1,292243.979,9105681.913,0,18c336ab-8e17-455a-b4ed-1e979527300d,,,,1,,2,1,292216.4153,9105585.787
2,1,292120.2891,9105613.351,0,b213c32d-9c55-4a1b-9431-d54c8ff0a3ab,,,,0,,2,1,292188.8516,9105489.661
2,1,292216.4153,9105585.787,0,b213c32d-9c55-4a1b-9431-d54c8ff0a3ab,,,,0,,2,1,292092.7254,9105517.225
2,1,292188.8516,9105489.661,0,b213c32d-9c55-4a1b-9431-d54c8ff0a3ab,,,,0,,3,1,292216.4153,9105585.787
2,1,292092.7254,9105517.225,0,b213c32d-9c55-4a1b-9431-d54c8ff0a3ab,,,,0,,3,1,292312.5415,9105558.224
2,1,292120.2891,9105613.351,0,b213c32d-9c55-4a1b-9431-d54c8ff0a3ab,,,,1,,3,1,292284.9777,9105462.097
3,1,292216.4153,9105585.787,0,fdff5e50-daa7-4409-948a-efd05f1ccc8f,,,,0,,3,1,292188.8516,9105489.661
3,1,292312.5415,9105558.224,0,fdff5e50-daa7-4409-948a-efd05f1ccc8f,,,,0,,4,1,292340.1052,9105654.35
3,1,292284.9777,9105462.097,0,fdff5e50-daa7-4409-948a-efd05f1ccc8f,,,,0,,4,1,292436.2314,9105626.786
3,1,292188.8516,9105489.661,0,fdff5e50-daa7-4409-948a-efd05f1ccc8f,,,,0,,4,1,292408.6676,9105530.66
3,1,292216.4153,9105585.787,0,fdff5e50-daa7-4409-948a-efd05f1ccc8f,,,,1,,4,1,292312.5415,9105558.224
4,1,292340.1052,9105654.35,0,032a1eaf-1b91-4cb7-832d-7c51b45cd9f5,,,,0,,5,1,292312.5415,9105558.224
4,1,292436.2314,9105626.786,0,032a1eaf-1b91-4cb7-832d-7c51b45cd9f5,,,,0,,5,1,292408.6676,9105530.66
4,1,292408.6676,9105530.66,0,032a1eaf-1b91-4cb7-832d-7c51b45cd9f5,,,,0,,5,1,292381.1039,9105434.534
4,1,292312.5415,9105558.224,0,032a1eaf-1b91-4cb7-832d-7c51b45cd9f5,,,,0,,5,1,292284.9777,9105462.097
4,1,292340.1052,9105654.35,0,032a1eaf-1b91-4cb7-832d-7c51b45cd9f5,,,,1,,6,1,292436.2314,9105626.786
5,1,292312.5415,9105558.224,0,12e69a16-79b6-405c-8a85-77f7c4686018,,,,0,,6,1,292532.3575,9105599.222
5,1,292408.6676,9105530.66,0,12e69a16-79b6-405c-8a85-77f7c4686018,,,,0,,6,1,292504.7938,9105503.096
5,1,292381.1039,9105434.534,0,12e69a16-79b6-405c-8a85-77f7c4686018,,,,0,,6,1,292408.6676,9105530.66
5,1,292284.9777,9105462.097,0,12e69a16-79b6-405c-8a85-77f7c4686018,,,,0,,7,1,292408.6676,9105530.66
5,1,292312.5415,9105558.224,0,12e69a16-79b6-405c-8a85-77f7c4686018,,,,1,,7,1,292504.7938,9105503.096
6,1,292436.2314,9105626.786,0,751208b2-220b-4609-8f95-c0ff95420a2a,,,,0,,7,1,292477.2301,9105406.97
6,1,292532.3575,9105599.222,0,751208b2-220b-4609-8f95-c0ff95420a2a,,,,0,,7,1,292381.1039,9105434.534
6,1,292504.7938,9105503.096,0,751208b2-220b-4609-8f95-c0ff95420a2a,,,,0,,8,1,292532.3575,9105599.222
6,1,292408.6676,9105530.66,0,751208b2-220b-4609-8f95-c0ff95420a2a,,,,0,,8,1,292628.4837,9105571.658
6,1,292436.2314,9105626.786,0,751208b2-220b-4609-8f95-c0ff95420a2a,,,,1,,8,1,292600.92,9105475.532
7,1,292408.6676,9105530.66,0,da6edb2e-1689-4a02-a0a6-3be726b51ec2,,,,0,,8,1,292504.7938,9105503.096
7,1,292504.7938,9105503.096,0,da6edb2e-1689-4a02-a0a6-3be726b51ec2,,,,0,,9,1,292504.7938,9105503.096
7,1,292477.2301,9105406.97,0,da6edb2e-1689-4a02-a0a6-3be726b51ec2,,,,0,,9,1,292600.92,9105475.532
7,1,292381.1039,9105434.534,0,da6edb2e-1689-4a02-a0a6-3be726b51ec2,,,,0,,9,1,292573.3562,9105379.406
7,1,292408.6676,9105530.66,0,da6edb2e-1689-4a02-a0a6-3be726b51ec2,,,,1,,9,1,292477.2301,9105406.97
8,1,292532.3575,9105599.222,0,5e81a504-1a77-4b8c-bd01-3fb0efc4d1f8,,,,0,,10,1,292628.4837,9105571.658
8,1,292628.4837,9105571.658,0,5e81a504-1a77-4b8c-bd01-3fb0efc4d1f8,,,,0,,10,1,292724.6099,9105544.095
8,1,292600.92,9105475.532,0,5e81a504-1a77-4b8c-bd01-3fb0efc4d1f8,,,,0,,10,1,292697.0462,9105447.969
8,1,292504.7938,9105503.096,0,5e81a504-1a77-4b8c-bd01-3fb0efc4d1f8,,,,0,,10,1,292600.92,9105475.532
8,1,292532.3575,9105599.222,0,5e81a504-1a77-4b8c-bd01-3fb0efc4d1f8,,,,1,,11,1,292600.92,9105475.532
9,1,292504.7938,9105503.096,0,6565d056-1e90-488e-81a5-e444a1052a13,,,,0,,11,1,292697.0462,9105447.969
9,1,292600.92,9105475.532,0,6565d056-1e90-488e-81a5-e444a1052a13,,,,0,,11,1,292669.4824,9105351.842
9,1,292573.3562,9105379.406,0,6565d056-1e90-488e-81a5-e444a1052a13,,,,0,,11,1,292573.3562,9105379.406
9,1,292477.2301,9105406.97,0,6565d056-1e90-488e-81a5-e444a1052a13,,,,0,,12,1,292724.6099,9105544.095
9,1,292504.7938,9105503.096,0,6565d056-1e90-488e-81a5-e444a1052a13,,,,1,,12,1,292820.7361,9105516.531
10,1,292628.4837,9105571.658,0,f8463c0c-46b3-4ea4-9b9f-bcc5aea0ecaf,,,,0,,12,1,292793.1723,9105420.405
10,1,292724.6099,9105544.095,0,f8463c0c-46b3-4ea4-9b9f-bcc5aea0ecaf,,,,0,,12,1,292697.0462,9105447.969
10,1,292697.0462,9105447.969,0,f8463c0c-46b3-4ea4-9b9f-bcc5aea0ecaf,,,,0,,13,1,292697.0462,9105447.969
10,1,292600.92,9105475.532,0,f8463c0c-46b3-4ea4-9b9f-bcc5aea0ecaf,,,,0,,13,1,292793.1723,9105420.405
10,1,292628.4837,9105571.658,0,f8463c0c-46b3-4ea4-9b9f-bcc5aea0ecaf,,,,1,,13,1,292765.6086,9105324.279
11,1,292600.92,9105475.532,0,4147e9b2-7d16-4cd7-8ed1-3cbbf7782e77,,,,0,,13,1,292669.4824,9105351.842
11,1,292697.0462,9105447.969,0,4147e9b2-7d16-4cd7-8ed1-3cbbf7782e77,,,,0,,14,1,292820.7361,9105516.531
11,1,292669.4824,9105351.842,0,4147e9b2-7d16-4cd7-8ed1-3cbbf7782e77,,,,0,,14,1,292916.8622,9105488.967
11,1,292573.3562,9105379.406,0,4147e9b2-7d16-4cd7-8ed1-3cbbf7782e77,,,,0,,14,1,292889.2985,9105392.841
11,1,292600.92,9105475.532,0,4147e9b2-7d16-4cd7-8ed1-3cbbf7782e77,,,,1,,14,1,292793.1723,9105420.405
12,1,292724.6099,9105544.095,0,c31e1830-3e8a-4430-a73e-dcbc478b6a85,,,,0,,15,1,292793.1723,9105420.405
12,1,292820.7361,9105516.531,0,c31e1830-3e8a-4430-a73e-dcbc478b6a85,,,,0,,15,1,292889.2985,9105392.841
12,1,292793.1723,9105420.405,0,c31e1830-3e8a-4430-a73e-dcbc478b6a85,,,,0,,15,1,292861.7348,9105296.715
12,1,292697.0462,9105447.969,0,c31e1830-3e8a-4430-a73e-dcbc478b6a85,,,,0,,15,1,292765.6086,9105324.279
12,1,292724.6099,9105544.095,0,c31e1830-3e8a-4430-a73e-dcbc478b6a85,,,,1,,16,1,292916.8622,9105488.967
13,1,292697.0462,9105447.969,0,b03f28e3-84d8-41a6-9ed9-7963c237282f,,,,0,,16,1,293012.9884,9105461.404
13,1,292793.1723,9105420.405,0,b03f28e3-84d8-41a6-9ed9-7963c237282f,,,,0,,16,1,292985.4247,9105365.277
13,1,292765.6086,9105324.279,0,b03f28e3-84d8-41a6-9ed9-7963c237282f,,,,0,,16,1,292889.2985,9105392.841
13,1,292669.4824,9105351.842,0,b03f28e3-84d8-41a6-9ed9-7963c237282f,,,,0,,17,1,292889.2985,9105392.841
13,1,292697.0462,9105447.969,0,b03f28e3-84d8-41a6-9ed9-7963c237282f,,,,1,,17,1,292985.4247,9105365.277
14,1,292820.7361,9105516.531,0,6a90ebfb-536f-4086-bbc5-afeb4a56c5d1,,,,0,,17,1,292957.8609,9105269.151
14,1,292916.8622,9105488.967,0,6a90ebfb-536f-4086-bbc5-afeb4a56c5d1,,,,0,,17,1,292861.7348,9105296.715
14,1,292889.2985,9105392.841,0,6a90ebfb-536f-4086-bbc5-afeb4a56c5d1,,,,0,,18,1,293012.9884,9105461.404
14,1,292793.1723,9105420.405,0,6a90ebfb-536f-4086-bbc5-afeb4a56c5d1,,,,0,,18,1,293109.1146,9105433.84
14,1,292820.7361,9105516.531,0,6a90ebfb-536f-4086-bbc5-afeb4a56c5d1,,,,1,,18,1,293081.5508,9105337.714
15,1,292793.1723,9105420.405,0,cf5e6b3b-866c-4372-95cc-ab86e4676d97,,,,0,,18,1,292985.4247,9105365.277
15,1,292889.2985,9105392.841,0,cf5e6b3b-866c-4372-95cc-ab86e4676d97,,,,0,,19,1,292985.4247,9105365.277
15,1,292861.7348,9105296.715,0,cf5e6b3b-866c-4372-95cc-ab86e4676d97,,,,0,,19,1,293081.5508,9105337.714
15,1,292765.6086,9105324.279,0,cf5e6b3b-866c-4372-95cc-ab86e4676d97,,,,0,,19,1,293053.9871,9105241.587
15,1,292793.1723,9105420.405,0,cf5e6b3b-866c-4372-95cc-ab86e4676d97,,,,1,,19,1,292957.8609,9105269.151
16,1,292916.8622,9105488.967,0,fa069240-dd69-43e4-af19-ff05a3d16b19,,,,0,,20,1,293109.1146,9105433.84
16,1,293012.9884,9105461.404,0,fa069240-dd69-43e4-af19-ff05a3d16b19,,,,0,,20,1,293205.2407,9105406.276
16,1,292985.4247,9105365.277,0,fa069240-dd69-43e4-af19-ff05a3d16b19,,,,0,,20,1,293177.677,9105310.15
16,1,292889.2985,9105392.841,0,fa069240-dd69-43e4-af19-ff05a3d16b19,,,,0,,20,1,293081.5508,9105337.714
16,1,292916.8622,9105488.967,0,fa069240-dd69-43e4-af19-ff05a3d16b19,,,,1,,21,1,293081.5508,9105337.714
17,1,292889.2985,9105392.841,0,0cb7b618-ceb5-465c-a457-ebd109d776f0,,,,0,,21,1,293177.677,9105310.15
17,1,292985.4247,9105365.277,0,0cb7b618-ceb5-465c-a457-ebd109d776f0,,,,0,,21,1,293150.1133,9105214.024
17,1,292957.8609,9105269.151,0,0cb7b618-ceb5-465c-a457-ebd109d776f0,,,,0,,21,1,293053.9871,9105241.587
17,1,292861.7348,9105296.715,0,0cb7b618-ceb5-465c-a457-ebd109d776f0,,,,0,,22,1,292092.7254,9105517.225
17,1,292889.2985,9105392.841,0,0cb7b618-ceb5-465c-a457-ebd109d776f0,,,,1,,22,1,292188.8516,9105489.661
18,1,293012.9884,9105461.404,0,6ee16336-02f8-4eed-9045-efd4384a9ede,,,,0,,22,1,292161.2878,9105393.535
18,1,293109.1146,9105433.84,0,6ee16336-02f8-4eed-9045-efd4384a9ede,,,,0,,22,1,292065.1617,9105421.099
18,1,293081.5508,9105337.714,0,6ee16336-02f8-4eed-9045-efd4384a9ede,,,,0,,23,1,292188.8516,9105489.661
18,1,292985.4247,9105365.277,0,6ee16336-02f8-4eed-9045-efd4384a9ede,,,,0,,23,1,292284.9777,9105462.097
18,1,293012.9884,9105461.404,0,6ee16336-02f8-4eed-9045-efd4384a9ede,,,,1,,23,1,292257.414,9105365.971
19,1,292985.4247,9105365.277,0,c5175e6f-2dff-41cf-8d25-b2f878e866c6,,,,0,,23,1,292161.2878,9105393.535
19,1,293081.5508,9105337.714,0,c5175e6f-2dff-41cf-8d25-b2f878e866c6,,,,0,,24,1,292284.9777,9105462.097
19,1,293053.9871,9105241.587,0,c5175e6f-2dff-41cf-8d25-b2f878e866c6,,,,0,,24,1,292381.1039,9105434.534
19,1,292957.8609,9105269.151,0,c5175e6f-2dff-41cf-8d25-b2f878e866c6,,,,0,,24,1,292353.5402,9105338.407
19,1,292985.4247,9105365.277,0,c5175e6f-2dff-41cf-8d25-b2f878e866c6,,,,1,,24,1,292257.414,9105365.971
20,1,293109.1146,9105433.84,0,c9b4a4ba-f9d0-4347-97aa-6e1a92b194cd,,,,0,,25,1,292381.1039,9105434.534
20,1,293205.2407,9105406.276,0,c9b4a4ba-f9d0-4347-97aa-6e1a92b194cd,,,,0,,25,1,292477.2301,9105406.97
20,1,293177.677,9105310.15,0,c9b4a4ba-f9d0-4347-97aa-6e1a92b194cd,,,,0,,25,1,292449.6663,9105310.844
20,1,293081.5508,9105337.714,0,c9b4a4ba-f9d0-4347-97aa-6e1a92b194cd,,,,0,,25,1,292353.5402,9105338.407
20,1,293109.1146,9105433.84,0,c9b4a4ba-f9d0-4347-97aa-6e1a92b194cd,,,,1,,26,1,292477.2301,9105406.97
21,1,293081.5508,9105337.714,0,861ff45e-a0d5-4349-aac8-406dfd922f24,,,,0,,26,1,292573.3562,9105379.406
21,1,293177.677,9105310.15,0,861ff45e-a0d5-4349-aac8-406dfd922f24,,,,0,,26,1,292545.7925,9105283.28
21,1,293150.1133,9105214.024,0,861ff45e-a0d5-4349-aac8-406dfd922f24,,,,0,,26,1,292449.6663,9105310.844
21,1,293053.9871,9105241.587,0,861ff45e-a0d5-4349-aac8-406dfd922f24,,,,0,,27,1,292573.3562,9105379.406
21,1,293081.5508,9105337.714,0,861ff45e-a0d5-4349-aac8-406dfd922f24,,,,1,,27,1,292669.4824,9105351.842
22,1,292092.7254,9105517.225,0,c7a39d24-b748-445d-b35a-f45fbb72ed31,,,,0,,27,1,292641.9187,9105255.716
22,1,292188.8516,9105489.661,0,c7a39d24-b748-445d-b35a-f45fbb72ed31,,,,0,,27,1,292545.7925,9105283.28
22,1,292161.2878,9105393.535,0,c7a39d24-b748-445d-b35a-f45fbb72ed31,,,,0,,28,1,292669.4824,9105351.842
22,1,292065.1617,9105421.099,0,c7a39d24-b748-445d-b35a-f45fbb72ed31,,,,0,,28,1,292765.6086,9105324.279
22,1,292092.7254,9105517.225,0,c7a39d24-b748-445d-b35a-f45fbb72ed31,,,,1,,28,1,292738.0448,9105228.153
23,1,292188.8516,9105489.661,0,1d365887-efb4-4822-baa8-4ae19d42b814,,,,0,,28,1,292641.9187,9105255.716
23,1,292284.9777,9105462.097,0,1d365887-efb4-4822-baa8-4ae19d42b814,,,,0,,29,1,292765.6086,9105324.279
23,1,292257.414,9105365.971,0,1d365887-efb4-4822-baa8-4ae19d42b814,,,,0,,29,1,292861.7348,9105296.715
23,1,292161.2878,9105393.535,0,1d365887-efb4-4822-baa8-4ae19d42b814,,,,0,,29,1,292834.171,9105200.589
23,1,292188.8516,9105489.661,0,1d365887-efb4-4822-baa8-4ae19d42b814,,,,1,,29,1,292738.0448,9105228.153
24,1,292284.9777,9105462.097,0,d3016674-588b-4449-a5aa-9bbcf1d312d3,,,,0,,30,1,292861.7348,9105296.715
24,1,292381.1039,9105434.534,0,d3016674-588b-4449-a5aa-9bbcf1d312d3,,,,0,,30,1,292957.8609,9105269.151
24,1,292353.5402,9105338.407,0,d3016674-588b-4449-a5aa-9bbcf1d312d3,,,,0,,30,1,292930.2972,9105173.025
24,1,292257.414,9105365.971,0,d3016674-588b-4449-a5aa-9bbcf1d312d3,,,,0,,30,1,292834.171,9105200.589
24,1,292284.9777,9105462.097,0,d3016674-588b-4449-a5aa-9bbcf1d312d3,,,,1,,31,1,292957.8609,9105269.151
25,1,292381.1039,9105434.534,0,e477083a-4335-4e21-a7ce-c9fe1df2d63e,,,,0,,31,1,293053.9871,9105241.587
25,1,292477.2301,9105406.97,0,e477083a-4335-4e21-a7ce-c9fe1df2d63e,,,,0,,31,1,293026.4234,9105145.461
25,1,292449.6663,9105310.844,0,e477083a-4335-4e21-a7ce-c9fe1df2d63e,,,,0,,31,1,292930.2972,9105173.025
25,1,292353.5402,9105338.407,0,e477083a-4335-4e21-a7ce-c9fe1df2d63e,,,,0,,32,1,293053.9871,9105241.587
25,1,292381.1039,9105434.534,0,e477083a-4335-4e21-a7ce-c9fe1df2d63e,,,,1,,32,1,293150.1133,9105214.024
26,1,292477.2301,9105406.97,0,32dcb186-974d-4e24-9dd6-fea9e16dca6b,,,,0,,32,1,293122.5495,9105117.898
26,1,292573.3562,9105379.406,0,32dcb186-974d-4e24-9dd6-fea9e16dca6b,,,,0,,32,1,293026.4234,9105145.461
26,1,292545.7925,9105283.28,0,32dcb186-974d-4e24-9dd6-fea9e16dca6b,,,,0,,33,1,292065.1617,9105421.099
26,1,292449.6663,9105310.844,0,32dcb186-974d-4e24-9dd6-fea9e16dca6b,,,,0,,33,1,292161.2878,9105393.535
26,1,292477.2301,9105406.97,0,32dcb186-974d-4e24-9dd6-fea9e16dca6b,,,,1,,33,1,292133.7241,9105297.409
27,1,292573.3562,9105379.406,0,d46e6c50-75be-4caa-885e-7abc245a6417,,,,0,,33,1,292037.5979,9105324.972
27,1,292669.4824,9105351.842,0,d46e6c50-75be-4caa-885e-7abc245a6417,,,,0,,34,1,292161.2878,9105393.535
27,1,292641.9187,9105255.716,0,d46e6c50-75be-4caa-885e-7abc245a6417,,,,0,,34,1,292257.414,9105365.971
27,1,292545.7925,9105283.28,0,d46e6c50-75be-4caa-885e-7abc245a6417,,,,0,,34,1,292229.8503,9105269.845
27,1,292573.3562,9105379.406,0,d46e6c50-75be-4caa-885e-7abc245a6417,,,,1,,34,1,292133.7241,9105297.409
28,1,292669.4824,9105351.842,0,89bf966c-d01b-424e-9739-7210287be82e,,,,0,,35,1,292257.414,9105365.971
28,1,292765.6086,9105324.279,0,89bf966c-d01b-424e-9739-7210287be82e,,,,0,,35,1,292353.5402,9105338.407
28,1,292738.0448,9105228.153,0,89bf966c-d01b-424e-9739-7210287be82e,,,,0,,35,1,292325.9764,9105242.281
28,1,292641.9187,9105255.716,0,89bf966c-d01b-424e-9739-7210287be82e,,,,0,,35,1,292229.8503,9105269.845
28,1,292669.4824,9105351.842,0,89bf966c-d01b-424e-9739-7210287be82e,,,,1,,36,1,292353.5402,9105338.407
29,1,292765.6086,9105324.279,0,5eef3c5f-b3be-4b46-a8fc-61217d2fae49,,,,0,,36,1,292449.6663,9105310.844
29,1,292861.7348,9105296.715,0,5eef3c5f-b3be-4b46-a8fc-61217d2fae49,,,,0,,36,1,292422.1026,9105214.718
29,1,292834.171,9105200.589,0,5eef3c5f-b3be-4b46-a8fc-61217d2fae49,,,,0,,36,1,292325.9764,9105242.281
29,1,292738.0448,9105228.153,0,5eef3c5f-b3be-4b46-a8fc-61217d2fae49,,,,0,,37,1,292449.6663,9105310.844
29,1,292765.6086,9105324.279,0,5eef3c5f-b3be-4b46-a8fc-61217d2fae49,,,,1,,37,1,292545.7925,9105283.28
30,1,292861.7348,9105296.715,0,736487d2-37cb-4a01-bd6a-601a68400aa6,,,,0,,37,1,292518.2288,9105187.154
30,1,292957.8609,9105269.151,0,736487d2-37cb-4a01-bd6a-601a68400aa6,,,,0,,37,1,292422.1026,9105214.718
30,1,292930.2972,9105173.025,0,736487d2-37cb-4a01-bd6a-601a68400aa6,,,,0,,38,1,292545.7925,9105283.28
30,1,292834.171,9105200.589,0,736487d2-37cb-4a01-bd6a-601a68400aa6,,,,0,,38,1,292641.9187,9105255.716
30,1,292861.7348,9105296.715,0,736487d2-37cb-4a01-bd6a-601a68400aa6,,,,1,,38,1,292614.3549,9105159.59
31,1,292957.8609,9105269.151,0,8b173b5b-fb51-4c92-913d-b15a2bb6ae6a,,,,0,,38,1,292518.2288,9105187.154
31,1,293053.9871,9105241.587,0,8b173b5b-fb51-4c92-913d-b15a2bb6ae6a,,,,0,,39,1,292641.9187,9105255.716
31,1,293026.4234,9105145.461,0,8b173b5b-fb51-4c92-913d-b15a2bb6ae6a,,,,0,,39,1,292738.0448,9105228.153
31,1,292930.2972,9105173.025,0,8b173b5b-fb51-4c92-913d-b15a2bb6ae6a,,,,0,,39,1,292710.4811,9105132.026
31,1,292957.8609,9105269.151,0,8b173b5b-fb51-4c92-913d-b15a2bb6ae6a,,,,1,,39,1,292614.3549,9105159.59
32,1,293053.9871,9105241.587,0,6624b722-716c-4482-b3d4-d8ee32ee5774,,,,0,,40,1,292738.0448,9105228.153
32,1,293150.1133,9105214.024,0,6624b722-716c-4482-b3d4-d8ee32ee5774,,,,0,,40,1,292834.171,9105200.589
32,1,293122.5495,9105117.898,0,6624b722-716c-4482-b3d4-d8ee32ee5774,,,,0,,40,1,292806.6073,9105104.463
32,1,293026.4234,9105145.461,0,6624b722-716c-4482-b3d4-d8ee32ee5774,,,,0,,40,1,292710.4811,9105132.026
32,1,293053.9871,9105241.587,0,6624b722-716c-4482-b3d4-d8ee32ee5774,,,,1,,41,1,292834.171,9105200.589
33,1,292065.1617,9105421.099,0,71c1c418-2b61-4c4b-be2a-1bbea7655dc9,,,,0,,41,1,292930.2972,9105173.025
33,1,292161.2878,9105393.535,0,71c1c418-2b61-4c4b-be2a-1bbea7655dc9,,,,0,,41,1,292902.7335,9105076.899
33,1,292133.7241,9105297.409,0,71c1c418-2b61-4c4b-be2a-1bbea7655dc9,,,,0,,41,1,292806.6073,9105104.463
33,1,292037.5979,9105324.972,0,71c1c418-2b61-4c4b-be2a-1bbea7655dc9,,,,0,,42,1,292930.2972,9105173.025
33,1,292065.1617,9105421.099,0,71c1c418-2b61-4c4b-be2a-1bbea7655dc9,,,,1,,42,1,293026.4234,9105145.461
34,1,292161.2878,9105393.535,0,8b6be965-4766-40e5-902b-40862aaa50d6,,,,0,,42,1,292998.8596,9105049.335
34,1,292257.414,9105365.971,0,8b6be965-4766-40e5-902b-40862aaa50d6,,,,0,,42,1,292902.7335,9105076.899
34,1,292229.8503,9105269.845,0,8b6be965-4766-40e5-902b-40862aaa50d6,,,,0,,43,1,293026.4234,9105145.461
34,1,292133.7241,9105297.409,0,8b6be965-4766-40e5-902b-40862aaa50d6,,,,0,,43,1,293122.5495,9105117.898
34,1,292161.2878,9105393.535,0,8b6be965-4766-40e5-902b-40862aaa50d6,,,,1,,43,1,293094.9858,9105021.771
35,1,292257.414,9105365.971,0,22efe6c6-bdd3-4064-96eb-391c02e4b65a,,,,0,,43,1,292998.8596,9105049.335
35,1,292353.5402,9105338.407,0,22efe6c6-bdd3-4064-96eb-391c02e4b65a,,,,0,,44,1,292037.5979,9105324.972
35,1,292325.9764,9105242.281,0,22efe6c6-bdd3-4064-96eb-391c02e4b65a,,,,0,,44,1,292133.7241,9105297.409
35,1,292229.8503,9105269.845,0,22efe6c6-bdd3-4064-96eb-391c02e4b65a,,,,0,,44,1,292106.1604,9105201.283
35,1,292257.414,9105365.971,0,22efe6c6-bdd3-4064-96eb-391c02e4b65a,,,,1,,44,1,292010.0342,9105228.846
36,1,292353.5402,9105338.407,0,ada3691a-8735-4eed-87ab-c6bb6264128e,,,,0,,45,1,292133.7241,9105297.409
36,1,292449.6663,9105310.844,0,ada3691a-8735-4eed-87ab-c6bb6264128e,,,,0,,45,1,292229.8503,9105269.845
36,1,292422.1026,9105214.718,0,ada3691a-8735-4eed-87ab-c6bb6264128e,,,,0,,45,1,292202.2865,9105173.719
36,1,292325.9764,9105242.281,0,ada3691a-8735-4eed-87ab-c6bb6264128e,,,,0,,45,1,292106.1604,9105201.283
36,1,292353.5402,9105338.407,0,ada3691a-8735-4eed-87ab-c6bb6264128e,,,,1,,46,1,292229.8503,9105269.845
37,1,292449.6663,9105310.844,0,63bcea44-c01a-4f79-9db0-cde09de32b00,,,,0,,46,1,292325.9764,9105242.281
37,1,292545.7925,9105283.28,0,63bcea44-c01a-4f79-9db0-cde09de32b00,,,,0,,46,1,292298.4127,9105146.155
37,1,292518.2288,9105187.154,0,63bcea44-c01a-4f79-9db0-cde09de32b00,,,,0,,46,1,292202.2865,9105173.719
37,1,292422.1026,9105214.718,0,63bcea44-c01a-4f79-9db0-cde09de32b00,,,,0,,47,1,292325.9764,9105242.281
37,1,292449.6663,9105310.844,0,63bcea44-c01a-4f79-9db0-cde09de32b00,,,,1,,47,1,292422.1026,9105214.718
38,1,292545.7925,9105283.28,0,0a86dace-88a4-4abe-90e5-faf922d917ea,,,,0,,47,1,292394.5389,9105118.591
38,1,292641.9187,9105255.716,0,0a86dace-88a4-4abe-90e5-faf922d917ea,,,,0,,47,1,292298.4127,9105146.155
38,1,292614.3549,9105159.59,0,0a86dace-88a4-4abe-90e5-faf922d917ea,,,,0,,48,1,292422.1026,9105214.718
38,1,292518.2288,9105187.154,0,0a86dace-88a4-4abe-90e5-faf922d917ea,,,,0,,48,1,292518.2288,9105187.154
38,1,292545.7925,9105283.28,0,0a86dace-88a4-4abe-90e5-faf922d917ea,,,,1,,48,1,292490.665,9105091.028
39,1,292641.9187,9105255.716,0,227a117d-1f9a-488c-8a89-b8457c590e6f,,,,0,,48,1,292394.5389,9105118.591
39,1,292738.0448,9105228.153,0,227a117d-1f9a-488c-8a89-b8457c590e6f,,,,0,,49,1,292518.2288,9105187.154
39,1,292710.4811,9105132.026,0,227a117d-1f9a-488c-8a89-b8457c590e6f,,,,0,,49,1,292614.3549,9105159.59
39,1,292614.3549,9105159.59,0,227a117d-1f9a-488c-8a89-b8457c590e6f,,,,0,,49,1,292586.7912,9105063.464
39,1,292641.9187,9105255.716,0,227a117d-1f9a-488c-8a89-b8457c590e6f,,,,1,,49,1,292490.665,9105091.028
40,1,292738.0448,9105228.153,0,ba645622-5370-473f-8682-dc7d9cda56dd,,,,0,,50,1,292614.3549,9105159.59
40,1,292834.171,9105200.589,0,ba645622-5370-473f-8682-dc7d9cda56dd,,,,0,,50,1,292710.4811,9105132.026
40,1,292806.6073,9105104.463,0,ba645622-5370-473f-8682-dc7d9cda56dd,,,,0,,50,1,292682.9174,9105035.9
40,1,292710.4811,9105132.026,0,ba645622-5370-473f-8682-dc7d9cda56dd,,,,0,,50,1,292586.7912,9105063.464
40,1,292738.0448,9105228.153,0,ba645622-5370-473f-8682-dc7d9cda56dd,,,,1,,51,1,292710.4811,9105132.026
41,1,292834.171,9105200.589,0,df71a5fe-c0db-41ee-839e-b463725efb6d,,,,0,,51,1,292806.6073,9105104.463
41,1,292930.2972,9105173.025,0,df71a5fe-c0db-41ee-839e-b463725efb6d,,,,0,,51,1,292779.0435,9105008.336
41,1,292902.7335,9105076.899,0,df71a5fe-c0db-41ee-839e-b463725efb6d,,,,0,,51,1,292682.9174,9105035.9
41,1,292806.6073,9105104.463,0,df71a5fe-c0db-41ee-839e-b463725efb6d,,,,0,,52,1,292806.6073,9105104.463
41,1,292834.171,9105200.589,0,df71a5fe-c0db-41ee-839e-b463725efb6d,,,,1,,52,1,292902.7335,9105076.899
42,1,292930.2972,9105173.025,0,20073c1d-3a86-4eab-bb8d-dfa4db42f9b6,,,,0,,52,1,292875.1697,9104980.773
42,1,293026.4234,9105145.461,0,20073c1d-3a86-4eab-bb8d-dfa4db42f9b6,,,,0,,52,1,292779.0435,9105008.336
42,1,292998.8596,9105049.335,0,20073c1d-3a86-4eab-bb8d-dfa4db42f9b6,,,,0,,53,1,292902.7335,9105076.899
42,1,292902.7335,9105076.899,0,20073c1d-3a86-4eab-bb8d-dfa4db42f9b6,,,,0,,53,1,292998.8596,9105049.335
42,1,292930.2972,9105173.025,0,20073c1d-3a86-4eab-bb8d-dfa4db42f9b6,,,,1,,53,1,292971.2959,9104953.209
43,1,293026.4234,9105145.461,0,d67f4905-d7e0-456b-9a9c-c617a36b7ffc,,,,0,,53,1,292875.1697,9104980.773
43,1,293122.5495,9105117.898,0,d67f4905-d7e0-456b-9a9c-c617a36b7ffc,,,,0,,54,1,292998.8596,9105049.335
43,1,293094.9858,9105021.771,0,d67f4905-d7e0-456b-9a9c-c617a36b7ffc,,,,0,,54,1,293094.9858,9105021.771
43,1,292998.8596,9105049.335,0,d67f4905-d7e0-456b-9a9c-c617a36b7ffc,,,,0,,54,1,293067.4221,9104925.645
43,1,293026.4234,9105145.461,0,d67f4905-d7e0-456b-9a9c-c617a36b7ffc,,,,1,,54,1,292971.2959,9104953.209
44,1,292037.5979,9105324.972,0,4d244d57-0655-4f9b-a241-5bc6bbeb345f,,,,0,,55,1,292010.0342,9105228.846
44,1,292133.7241,9105297.409,0,4d244d57-0655-4f9b-a241-5bc6bbeb345f,,,,0,,55,1,292106.1604,9105201.283
44,1,292106.1604,9105201.283,0,4d244d57-0655-4f9b-a241-5bc6bbeb345f,,,,0,,55,1,292078.5966,9105105.156
44,1,292010.0342,9105228.846,0,4d244d57-0655-4f9b-a241-5bc6bbeb345f,,,,0,,55,1,291982.4705,9105132.72
44,1,292037.5979,9105324.972,0,4d244d57-0655-4f9b-a241-5bc6bbeb345f,,,,1,,56,1,292106.1604,9105201.283
45,1,292133.7241,9105297.409,0,8f724521-d257-4169-9b6a-46e5b178779a,,,,0,,56,1,292202.2865,9105173.719
45,1,292229.8503,9105269.845,0,8f724521-d257-4169-9b6a-46e5b178779a,,,,0,,56,1,292174.7228,9105077.593
45,1,292202.2865,9105173.719,0,8f724521-d257-4169-9b6a-46e5b178779a,,,,0,,56,1,292078.5966,9105105.156
45,1,292106.1604,9105201.283,0,8f724521-d257-4169-9b6a-46e5b178779a,,,,0,,57,1,292202.2865,9105173.719
45,1,292133.7241,9105297.409,0,8f724521-d257-4169-9b6a-46e5b178779a,,,,1,,57,1,292298.4127,9105146.155
46,1,292229.8503,9105269.845,0,5a4ca422-99f4-42d5-8b66-9a42d3452281,,,,0,,57,1,292270.849,9105050.029
46,1,292325.9764,9105242.281,0,5a4ca422-99f4-42d5-8b66-9a42d3452281,,,,0,,57,1,292174.7228,9105077.593
46,1,292298.4127,9105146.155,0,5a4ca422-99f4-42d5-8b66-9a42d3452281,,,,0,,58,1,292298.4127,9105146.155
46,1,292202.2865,9105173.719,0,5a4ca422-99f4-42d5-8b66-9a42d3452281,,,,0,,58,1,292394.5389,9105118.591
46,1,292229.8503,9105269.845,0,5a4ca422-99f4-42d5-8b66-9a42d3452281,,,,1,,58,1,292366.9751,9105022.465
47,1,292325.9764,9105242.281,0,638156dc-2e5f-4dad-8d6c-be511dbd9322,,,,0,,58,1,292270.849,9105050.029
47,1,292422.1026,9105214.718,0,638156dc-2e5f-4dad-8d6c-be511dbd9322,,,,0,,59,1,292394.5389,9105118.591
47,1,292394.5389,9105118.591,0,638156dc-2e5f-4dad-8d6c-be511dbd9322,,,,0,,59,1,292490.665,9105091.028
47,1,292298.4127,9105146.155,0,638156dc-2e5f-4dad-8d6c-be511dbd9322,,,,0,,59,1,292463.1013,9104994.901
47,1,292325.9764,9105242.281,0,638156dc-2e5f-4dad-8d6c-be511dbd9322,,,,1,,59,1,292366.9751,9105022.465
48,1,292422.1026,9105214.718,0,edd44d40-4850-42e2-957a-00190465c1e3,,,,0,,60,1,292490.665,9105091.028
48,1,292518.2288,9105187.154,0,edd44d40-4850-42e2-957a-00190465c1e3,,,,0,,60,1,292586.7912,9105063.464
48,1,292490.665,9105091.028,0,edd44d40-4850-42e2-957a-00190465c1e3,,,,0,,60,1,292559.2275,9104967.338
48,1,292394.5389,9105118.591,0,edd44d40-4850-42e2-957a-00190465c1e3,,,,0,,60,1,292463.1013,9104994.901
48,1,292422.1026,9105214.718,0,edd44d40-4850-42e2-957a-00190465c1e3,,,,1,,61,1,292586.7912,9105063.464
49,1,292518.2288,9105187.154,0,82070a02-585b-4653-ac41-4d21f5a5e941,,,,0,,61,1,292682.9174,9105035.9
49,1,292614.3549,9105159.59,0,82070a02-585b-4653-ac41-4d21f5a5e941,,,,0,,61,1,292655.3536,9104939.774
49,1,292586.7912,9105063.464,0,82070a02-585b-4653-ac41-4d21f5a5e941,,,,0,,61,1,292559.2275,9104967.338
49,1,292490.665,9105091.028,0,82070a02-585b-4653-ac41-4d21f5a5e941,,,,0,,62,1,292682.9174,9105035.9
49,1,292518.2288,9105187.154,0,82070a02-585b-4653-ac41-4d21f5a5e941,,,,1,,62,1,292779.0435,9105008.336
50,1,292614.3549,9105159.59,0,afc437b4-59c2-40b1-89a3-8c3040c675a9,,,,0,,62,1,292751.4798,9104912.21
50,1,292710.4811,9105132.026,0,afc437b4-59c2-40b1-89a3-8c3040c675a9,,,,0,,62,1,292655.3536,9104939.774
50,1,292682.9174,9105035.9,0,afc437b4-59c2-40b1-89a3-8c3040c675a9,,,,0,,63,1,292779.0435,9105008.336
50,1,292586.7912,9105063.464,0,afc437b4-59c2-40b1-89a3-8c3040c675a9,,,,0,,63,1,292875.1697,9104980.773
50,1,292614.3549,9105159.59,0,afc437b4-59c2-40b1-89a3-8c3040c675a9,,,,1,,63,1,292847.606,9104884.647
51,1,292710.4811,9105132.026,0,0360bbcd-c05f-4a59-94ac-508f4a25f623,,,,0,,63,1,292751.4798,9104912.21
51,1,292806.6073,9105104.463,0,0360bbcd-c05f-4a59-94ac-508f4a25f623,,,,0,,64,1,292875.1697,9104980.773
51,1,292779.0435,9105008.336,0,0360bbcd-c05f-4a59-94ac-508f4a25f623,,,,0,,64,1,292971.2959,9104953.209
51,1,292682.9174,9105035.9,0,0360bbcd-c05f-4a59-94ac-508f4a25f623,,,,0,,64,1,292943.7322,9104857.083
51,1,292710.4811,9105132.026,0,0360bbcd-c05f-4a59-94ac-508f4a25f623,,,,1,,64,1,292847.606,9104884.647
52,1,292806.6073,9105104.463,0,5b24ccc9-eaf9-4857-9af6-734ff6522e1c,,,,0,,65,1,292971.2959,9104953.209
52,1,292902.7335,9105076.899,0,5b24ccc9-eaf9-4857-9af6-734ff6522e1c,,,,0,,65,1,293067.4221,9104925.645
52,1,292875.1697,9104980.773,0,5b24ccc9-eaf9-4857-9af6-734ff6522e1c,,,,0,,65,1,293039.8583,9104829.519
52,1,292779.0435,9105008.336,0,5b24ccc9-eaf9-4857-9af6-734ff6522e1c,,,,0,,65,1,292943.7322,9104857.083
52,1,292806.6073,9105104.463,0,5b24ccc9-eaf9-4857-9af6-734ff6522e1c,,,,1,,66,1,291982.4705,9105132.72
53,1,292902.7335,9105076.899,0,b88dd14b-8c6c-42de-9eb5-922bdb7ade3b,,,,0,,66,1,292078.5966,9105105.156
53,1,292998.8596,9105049.335,0,b88dd14b-8c6c-42de-9eb5-922bdb7ade3b,,,,0,,66,1,292051.0329,9105009.03
53,1,292971.2959,9104953.209,0,b88dd14b-8c6c-42de-9eb5-922bdb7ade3b,,,,0,,66,1,291954.9067,9105036.594
53,1,292875.1697,9104980.773,0,b88dd14b-8c6c-42de-9eb5-922bdb7ade3b,,,,0,,67,1,292078.5966,9105105.156
53,1,292902.7335,9105076.899,0,b88dd14b-8c6c-42de-9eb5-922bdb7ade3b,,,,1,,67,1,292174.7228,9105077.593
54,1,292998.8596,9105049.335,0,ec11c095-37ce-4b3c-880e-e63171341bef,,,,0,,67,1,292147.1591,9104981.467
54,1,293094.9858,9105021.771,0,ec11c095-37ce-4b3c-880e-e63171341bef,,,,0,,67,1,292051.0329,9105009.03
54,1,293067.4221,9104925.645,0,ec11c095-37ce-4b3c-880e-e63171341bef,,,,0,,68,1,292174.7228,9105077.593
54,1,292971.2959,9104953.209,0,ec11c095-37ce-4b3c-880e-e63171341bef,,,,0,,68,1,292270.849,9105050.029
54,1,292998.8596,9105049.335,0,ec11c095-37ce-4b3c-880e-e63171341bef,,,,1,,68,1,292243.2852,9104953.903
55,1,292010.0342,9105228.846,0,f74abff7-c76b-4612-9b61-5b51eea4e196,,,,0,,68,1,292147.1591,9104981.467
55,1,292106.1604,9105201.283,0,f74abff7-c76b-4612-9b61-5b51eea4e196,,,,0,,69,1,292270.849,9105050.029
55,1,292078.5966,9105105.156,0,f74abff7-c76b-4612-9b61-5b51eea4e196,,,,0,,69,1,292366.9751,9105022.465
55,1,291982.4705,9105132.72,0,f74abff7-c76b-4612-9b61-5b51eea4e196,,,,0,,69,1,292339.4114,9104926.339
55,1,292010.0342,9105228.846,0,f74abff7-c76b-4612-9b61-5b51eea4e196,,,,1,,69,1,292243.2852,9104953.903
56,1,292106.1604,9105201.283,0,8a84d64e-6d53-4913-b64b-05b3325a6e6c,,,,0,,70,1,292366.9751,9105022.465
56,1,292202.2865,9105173.719,0,8a84d64e-6d53-4913-b64b-05b3325a6e6c,,,,0,,70,1,292463.1013,9104994.901
56,1,292174.7228,9105077.593,0,8a84d64e-6d53-4913-b64b-05b3325a6e6c,,,,0,,70,1,292435.5376,9104898.775
56,1,292078.5966,9105105.156,0,8a84d64e-6d53-4913-b64b-05b3325a6e6c,,,,0,,70,1,292339.4114,9104926.339
56,1,292106.1604,9105201.283,0,8a84d64e-6d53-4913-b64b-05b3325a6e6c,,,,1,,71,1,292463.1013,9104994.901
57,1,292202.2865,9105173.719,0,6278c5ac-a437-43f2-a219-35a4fdce4dcb,,,,0,,71,1,292559.2275,9104967.338
57,1,292298.4127,9105146.155,0,6278c5ac-a437-43f2-a219-35a4fdce4dcb,,,,0,,71,1,292531.6637,9104871.212
57,1,292270.849,9105050.029,0,6278c5ac-a437-43f2-a219-35a4fdce4dcb,,,,0,,71,1,292435.5376,9104898.775
57,1,292174.7228,9105077.593,0,6278c5ac-a437-43f2-a219-35a4fdce4dcb,,,,0,,72,1,292559.2275,9104967.338
57,1,292202.2865,9105173.719,0,6278c5ac-a437-43f2-a219-35a4fdce4dcb,,,,1,,72,1,292655.3536,9104939.774
58,1,292298.4127,9105146.155,0,fe989b0a-3a20-414a-a52b-9966ac34dc7b,,,,0,,72,1,292627.7899,9104843.648
58,1,292394.5389,9105118.591,0,fe989b0a-3a20-414a-a52b-9966ac34dc7b,,,,0,,72,1,292531.6637,9104871.212
58,1,292366.9751,9105022.465,0,fe989b0a-3a20-414a-a52b-9966ac34dc7b,,,,0,,73,1,292655.3536,9104939.774
58,1,292270.849,9105050.029,0,fe989b0a-3a20-414a-a52b-9966ac34dc7b,,,,0,,73,1,292751.4798,9104912.21
58,1,292298.4127,9105146.155,0,fe989b0a-3a20-414a-a52b-9966ac34dc7b,,,,1,,73,1,292723.9161,9104816.084
59,1,292394.5389,9105118.591,0,0fa450ad-ae8e-4805-ace8-a13c147efe0a,,,,0,,73,1,292627.7899,9104843.648
59,1,292490.665,9105091.028,0,0fa450ad-ae8e-4805-ace8-a13c147efe0a,,,,0,,74,1,292751.4798,9104912.21
59,1,292463.1013,9104994.901,0,0fa450ad-ae8e-4805-ace8-a13c147efe0a,,,,0,,74,1,292847.606,9104884.647
59,1,292366.9751,9105022.465,0,0fa450ad-ae8e-4805-ace8-a13c147efe0a,,,,0,,74,1,292820.0422,9104788.52
59,1,292394.5389,9105118.591,0,0fa450ad-ae8e-4805-ace8-a13c147efe0a,,,,1,,74,1,292723.9161,9104816.084
60,1,292490.665,9105091.028,0,cb569bcc-cea3-41a3-8286-c2865cad94fd,,,,0,,75,1,292847.606,9104884.647
60,1,292586.7912,9105063.464,0,cb569bcc-cea3-41a3-8286-c2865cad94fd,,,,0,,75,1,292943.7322,9104857.083
60,1,292559.2275,9104967.338,0,cb569bcc-cea3-41a3-8286-c2865cad94fd,,,,0,,75,1,292916.1684,9104760.957
60,1,292463.1013,9104994.901,0,cb569bcc-cea3-41a3-8286-c2865cad94fd,,,,0,,75,1,292820.0422,9104788.52
60,1,292490.665,9105091.028,0,cb569bcc-cea3-41a3-8286-c2865cad94fd,,,,1,,76,1,292943.7322,9104857.083
61,1,292586.7912,9105063.464,0,20fe3bd8-5ced-495f-aaa3-853f53a1a7b4,,,,0,,76,1,293039.8583,9104829.519
61,1,292682.9174,9105035.9,0,20fe3bd8-5ced-495f-aaa3-853f53a1a7b4,,,,0,,76,1,293012.2946,9104733.393
61,1,292655.3536,9104939.774,0,20fe3bd8-5ced-495f-aaa3-853f53a1a7b4,,,,0,,76,1,292916.1684,9104760.957
61,1,292559.2275,9104967.338,0,20fe3bd8-5ced-495f-aaa3-853f53a1a7b4,,,,0,,77,1,291954.9067,9105036.594
61,1,292586.7912,9105063.464,0,20fe3bd8-5ced-495f-aaa3-853f53a1a7b4,,,,1,,77,1,292051.0329,9105009.03
62,1,292682.9174,9105035.9,0,426963dc-1b56-441f-a883-1d55ab60bf33,,,,0,,77,1,292023.4692,9104912.904
62,1,292779.0435,9105008.336,0,426963dc-1b56-441f-a883-1d55ab60bf33,,,,0,,77,1,291927.343,9104940.468
62,1,292751.4798,9104912.21,0,426963dc-1b56-441f-a883-1d55ab60bf33,,,,0,,78,1,292051.0329,9105009.03
62,1,292655.3536,9104939.774,0,426963dc-1b56-441f-a883-1d55ab60bf33,,,,0,,78,1,292147.1591,9104981.467
62,1,292682.9174,9105035.9,0,426963dc-1b56-441f-a883-1d55ab60bf33,,,,1,,78,1,292119.5953,9104885.34
63,1,292779.0435,9105008.336,0,3a4b068f-e86c-42fb-aefe-ac2772d3dd61,,,,0,,78,1,292023.4692,9104912.904
63,1,292875.1697,9104980.773,0,3a4b068f-e86c-42fb-aefe-ac2772d3dd61,,,,0,,79,1,292147.1591,9104981.467
63,1,292847.606,9104884.647,0,3a4b068f-e86c-42fb-aefe-ac2772d3dd61,,,,0,,79,1,292243.2852,9104953.903
63,1,292751.4798,9104912.21,0,3a4b068f-e86c-42fb-aefe-ac2772d3dd61,,,,0,,79,1,292215.7215,9104857.777
63,1,292779.0435,9105008.336,0,3a4b068f-e86c-42fb-aefe-ac2772d3dd61,,,,1,,79,1,292119.5953,9104885.34
64,1,292875.1697,9104980.773,0,5a44b14e-4fc7-48a9-af04-2edf4d10ab5d,,,,0,,80,1,292243.2852,9104953.903
64,1,292971.2959,9104953.209,0,5a44b14e-4fc7-48a9-af04-2edf4d10ab5d,,,,0,,80,1,292339.4114,9104926.339
64,1,292943.7322,9104857.083,0,5a44b14e-4fc7-48a9-af04-2edf4d10ab5d,,,,0,,80,1,292311.8477,9104830.213
64,1,292847.606,9104884.647,0,5a44b14e-4fc7-48a9-af04-2edf4d10ab5d,,,,0,,80,1,292215.7215,9104857.777
64,1,292875.1697,9104980.773,0,5a44b14e-4fc7-48a9-af04-2edf4d10ab5d,,,,1,,81,1,292339.4114,9104926.339
65,1,292971.2959,9104953.209,0,3a549cd5-a2fd-49b3-b302-24dddd064f21,,,,0,,81,1,292435.5376,9104898.775
65,1,293067.4221,9104925.645,0,3a549cd5-a2fd-49b3-b302-24dddd064f21,,,,0,,81,1,292407.9738,9104802.649
65,1,293039.8583,9104829.519,0,3a549cd5-a2fd-49b3-b302-24dddd064f21,,,,0,,81,1,292311.8477,9104830.213
65,1,292943.7322,9104857.083,0,3a549cd5-a2fd-49b3-b302-24dddd064f21,,,,0,,82,1,292435.5376,9104898.775
65,1,292971.2959,9104953.209,0,3a549cd5-a2fd-49b3-b302-24dddd064f21,,,,1,,82,1,292531.6637,9104871.212
66,1,291982.4705,9105132.72,0,c45dcac7-ca4a-4afc-b4c7-cae6008aaf84,,,,0,,82,1,292504.1,9104775.085
66,1,292078.5966,9105105.156,0,c45dcac7-ca4a-4afc-b4c7-cae6008aaf84,,,,0,,82,1,292407.9738,9104802.649
66,1,292051.0329,9105009.03,0,c45dcac7-ca4a-4afc-b4c7-cae6008aaf84,,,,0,,83,1,292531.6637,9104871.212
66,1,291954.9067,9105036.594,0,c45dcac7-ca4a-4afc-b4c7-cae6008aaf84,,,,0,,83,1,292627.7899,9104843.648
66,1,291982.4705,9105132.72,0,c45dcac7-ca4a-4afc-b4c7-cae6008aaf84,,,,1,,83,1,292600.2262,9104747.522
67,1,292078.5966,9105105.156,0,b95a2364-c45e-4676-811a-df823d884e21,,,,0,,83,1,292504.1,9104775.085
67,1,292174.7228,9105077.593,0,b95a2364-c45e-4676-811a-df823d884e21,,,,0,,84,1,292627.7899,9104843.648
67,1,292147.1591,9104981.467,0,b95a2364-c45e-4676-811a-df823d884e21,,,,0,,84,1,292723.9161,9104816.084
67,1,292051.0329,9105009.03,0,b95a2364-c45e-4676-811a-df823d884e21,,,,0,,84,1,292696.3523,9104719.958
67,1,292078.5966,9105105.156,0,b95a2364-c45e-4676-811a-df823d884e21,,,,1,,84,1,292600.2262,9104747.522
68,1,292174.7228,9105077.593,0,c365f2a4-0b88-486d-ad07-33c226674eae,,,,0,,85,1,292723.9161,9104816.084
68,1,292270.849,9105050.029,0,c365f2a4-0b88-486d-ad07-33c226674eae,,,,0,,85,1,292820.0422,9104788.52
68,1,292243.2852,9104953.903,0,c365f2a4-0b88-486d-ad07-33c226674eae,,,,0,,85,1,292792.4785,9104692.394
68,1,292147.1591,9104981.467,0,c365f2a4-0b88-486d-ad07-33c226674eae,,,,0,,85,1,292696.3523,9104719.958
68,1,292174.7228,9105077.593,0,c365f2a4-0b88-486d-ad07-33c226674eae,,,,1,,86,1,292820.0422,9104788.52
69,1,292270.849,9105050.029,0,cc70007f-96cd-48fa-85dd-5cae9cf06510,,,,0,,86,1,292916.1684,9104760.957
69,1,292366.9751,9105022.465,0,cc70007f-96cd-48fa-85dd-5cae9cf06510,,,,0,,86,1,292888.6047,9104664.83
69,1,292339.4114,9104926.339,0,cc70007f-96cd-48fa-85dd-5cae9cf06510,,,,0,,86,1,292792.4785,9104692.394
69,1,292243.2852,9104953.903,0,cc70007f-96cd-48fa-85dd-5cae9cf06510,,,,0,,87,1,292916.1684,9104760.957
69,1,292270.849,9105050.029,0,cc70007f-96cd-48fa-85dd-5cae9cf06510,,,,1,,87,1,293012.2946,9104733.393
70,1,292366.9751,9105022.465,0,61f2b112-745f-4953-96fa-9f6903106895,,,,0,,87,1,292984.7308,9104637.267
70,1,292463.1013,9104994.901,0,61f2b112-745f-4953-96fa-9f6903106895,,,,0,,87,1,292888.6047,9104664.83
70,1,292435.5376,9104898.775,0,61f2b112-745f-4953-96fa-9f6903106895,,,,0,,88,1,291927.343,9104940.468
70,1,292339.4114,9104926.339,0,61f2b112-745f-4953-96fa-9f6903106895,,,,0,,88,1,292023.4692,9104912.904
70,1,292366.9751,9105022.465,0,61f2b112-745f-4953-96fa-9f6903106895,,,,1,,88,1,291995.9054,9104816.778
71,1,292463.1013,9104994.901,0,ad88b975-d331-41cc-ae3b-ffcc6635789e,,,,0,,88,1,291899.7792,9104844.342
71,1,292559.2275,9104967.338,0,ad88b975-d331-41cc-ae3b-ffcc6635789e,,,,0,,89,1,292023.4692,9104912.904
71,1,292531.6637,9104871.212,0,ad88b975-d331-41cc-ae3b-ffcc6635789e,,,,0,,89,1,292119.5953,9104885.34
71,1,292435.5376,9104898.775,0,ad88b975-d331-41cc-ae3b-ffcc6635789e,,,,0,,89,1,292092.0316,9104789.214
71,1,292463.1013,9104994.901,0,ad88b975-d331-41cc-ae3b-ffcc6635789e,,,,1,,89,1,291995.9054,9104816.778
72,1,292559.2275,9104967.338,0,b97a5de5-bd04-4347-9a22-5bc4d7b9f70b,,,,0,,90,1,292119.5953,9104885.34
72,1,292655.3536,9104939.774,0,b97a5de5-bd04-4347-9a22-5bc4d7b9f70b,,,,0,,90,1,292215.7215,9104857.777
72,1,292627.7899,9104843.648,0,b97a5de5-bd04-4347-9a22-5bc4d7b9f70b,,,,0,,90,1,292188.1578,9104761.65
72,1,292531.6637,9104871.212,0,b97a5de5-bd04-4347-9a22-5bc4d7b9f70b,,,,0,,90,1,292092.0316,9104789.214
72,1,292559.2275,9104967.338,0,b97a5de5-bd04-4347-9a22-5bc4d7b9f70b,,,,1,,91,1,292215.7215,9104857.777
73,1,292655.3536,9104939.774,0,5b9d1db9-10df-4983-8717-e05c612ff917,,,,0,,91,1,292311.8477,9104830.213
73,1,292751.4798,9104912.21,0,5b9d1db9-10df-4983-8717-e05c612ff917,,,,0,,91,1,292284.2839,9104734.087
73,1,292723.9161,9104816.084,0,5b9d1db9-10df-4983-8717-e05c612ff917,,,,0,,91,1,292188.1578,9104761.65
73,1,292627.7899,9104843.648,0,5b9d1db9-10df-4983-8717-e05c612ff917,,,,0,,92,1,292311.8477,9104830.213
73,1,292655.3536,9104939.774,0,5b9d1db9-10df-4983-8717-e05c612ff917,,,,1,,92,1,292407.9738,9104802.649
74,1,292751.4798,9104912.21,0,a56655e8-dea2-4d15-b514-31b946c08611,,,,0,,92,1,292380.4101,9104706.523
74,1,292847.606,9104884.647,0,a56655e8-dea2-4d15-b514-31b946c08611,,,,0,,92,1,292284.2839,9104734.087
74,1,292820.0422,9104788.52,0,a56655e8-dea2-4d15-b514-31b946c08611,,,,0,,93,1,292407.9738,9104802.649
74,1,292723.9161,9104816.084,0,a56655e8-dea2-4d15-b514-31b946c08611,,,,0,,93,1,292504.1,9104775.085
74,1,292751.4798,9104912.21,0,a56655e8-dea2-4d15-b514-31b946c08611,,,,1,,93,1,292476.5363,9104678.959
75,1,292847.606,9104884.647,0,d04c6082-980c-4308-a3e0-5435fb0e57d4,,,,0,,93,1,292380.4101,9104706.523
75,1,292943.7322,9104857.083,0,d04c6082-980c-4308-a3e0-5435fb0e57d4,,,,0,,94,1,292504.1,9104775.085
75,1,292916.1684,9104760.957,0,d04c6082-980c-4308-a3e0-5435fb0e57d4,,,,0,,94,1,292600.2262,9104747.522
75,1,292820.0422,9104788.52,0,d04c6082-980c-4308-a3e0-5435fb0e57d4,,,,0,,94,1,292572.6624,9104651.395
75,1,292847.606,9104884.647,0,d04c6082-980c-4308-a3e0-5435fb0e57d4,,,,1,,94,1,292476.5363,9104678.959
76,1,292943.7322,9104857.083,0,95e7cdb4-d9f9-4e23-a1ef-4f57265b6472,,,,0,,95,1,292600.2262,9104747.522
76,1,293039.8583,9104829.519,0,95e7cdb4-d9f9-4e23-a1ef-4f57265b6472,,,,0,,95,1,292696.3523,9104719.958
76,1,293012.2946,9104733.393,0,95e7cdb4-d9f9-4e23-a1ef-4f57265b6472,,,,0,,95,1,292668.7886,9104623.832
76,1,292916.1684,9104760.957,0,95e7cdb4-d9f9-4e23-a1ef-4f57265b6472,,,,0,,95,1,292572.6624,9104651.395
76,1,292943.7322,9104857.083,0,95e7cdb4-d9f9-4e23-a1ef-4f57265b6472,,,,1,,96,1,292696.3523,9104719.958
77,1,291954.9067,9105036.594,0,20a2db8d-2ea2-406d-8cdc-54825fc4353a,,,,0,,96,1,292792.4785,9104692.394
77,1,292051.0329,9105009.03,0,20a2db8d-2ea2-406d-8cdc-54825fc4353a,,,,0,,96,1,292764.9148,9104596.268
77,1,292023.4692,9104912.904,0,20a2db8d-2ea2-406d-8cdc-54825fc4353a,,,,0,,96,1,292668.7886,9104623.832
77,1,291927.343,9104940.468,0,20a2db8d-2ea2-406d-8cdc-54825fc4353a,,,,0,,97,1,292792.4785,9104692.394
77,1,291954.9067,9105036.594,0,20a2db8d-2ea2-406d-8cdc-54825fc4353a,,,,1,,97,1,292888.6047,9104664.83
78,1,292051.0329,9105009.03,0,4360acae-7225-4abd-8c23-ecf452e97e2e,,,,0,,97,1,292861.0409,9104568.704
78,1,292147.1591,9104981.467,0,4360acae-7225-4abd-8c23-ecf452e97e2e,,,,0,,97,1,292764.9148,9104596.268
78,1,292119.5953,9104885.34,0,4360acae-7225-4abd-8c23-ecf452e97e2e,,,,0,,98,1,292888.6047,9104664.83
78,1,292023.4692,9104912.904,0,4360acae-7225-4abd-8c23-ecf452e97e2e,,,,0,,98,1,292984.7308,9104637.267
78,1,292051.0329,9105009.03,0,4360acae-7225-4abd-8c23-ecf452e97e2e,,,,1,,98,1,292957.1671,9104541.141
79,1,292147.1591,9104981.467,0,62790e0c-e1d8-4494-9718-2423b7f4a98c,,,,0,,98,1,292861.0409,9104568.704
79,1,292243.2852,9104953.903,0,62790e0c-e1d8-4494-9718-2423b7f4a98c,,,,0,,99,1,291899.7792,9104844.342
79,1,292215.7215,9104857.777,0,62790e0c-e1d8-4494-9718-2423b7f4a98c,,,,0,,99,1,291995.9054,9104816.778
79,1,292119.5953,9104885.34,0,62790e0c-e1d8-4494-9718-2423b7f4a98c,,,,0,,99,1,291968.3417,9104720.652
79,1,292147.1591,9104981.467,0,62790e0c-e1d8-4494-9718-2423b7f4a98c,,,,1,,99,1,291872.2155,9104748.215
80,1,292243.2852,9104953.903,0,213d60e8-e7a4-4e77-8115-882afae3197c,,,,0,,100,1,291995.9054,9104816.778
80,1,292339.4114,9104926.339,0,213d60e8-e7a4-4e77-8115-882afae3197c,,,,0,,100,1,292092.0316,9104789.214
80,1,292311.8477,9104830.213,0,213d60e8-e7a4-4e77-8115-882afae3197c,,,,0,,100,1,292064.4679,9104693.088
80,1,292215.7215,9104857.777,0,213d60e8-e7a4-4e77-8115-882afae3197c,,,,0,,100,1,291968.3417,9104720.652
80,1,292243.2852,9104953.903,0,213d60e8-e7a4-4e77-8115-882afae3197c,,,,1,,101,1,292092.0316,9104789.214
81,1,292339.4114,9104926.339,0,14280736-3350-4fc1-803c-5e14fdcdd994,,,,0,,101,1,292188.1578,9104761.65
81,1,292435.5376,9104898.775,0,14280736-3350-4fc1-803c-5e14fdcdd994,,,,0,,101,1,292160.594,9104665.524
81,1,292407.9738,9104802.649,0,14280736-3350-4fc1-803c-5e14fdcdd994,,,,0,,101,1,292064.4679,9104693.088
81,1,292311.8477,9104830.213,0,14280736-3350-4fc1-803c-5e14fdcdd994,,,,0,,102,1,292188.1578,9104761.65
81,1,292339.4114,9104926.339,0,14280736-3350-4fc1-803c-5e14fdcdd994,,,,1,,102,1,292284.2839,9104734.087
82,1,292435.5376,9104898.775,0,5756690c-f9a0-42a7-9e7e-033de2f232fa,,,,0,,102,1,292256.7202,9104637.961
82,1,292531.6637,9104871.212,0,5756690c-f9a0-42a7-9e7e-033de2f232fa,,,,0,,102,1,292160.594,9104665.524
82,1,292504.1,9104775.085,0,5756690c-f9a0-42a7-9e7e-033de2f232fa,,,,0,,103,1,292284.2839,9104734.087
82,1,292407.9738,9104802.649,0,5756690c-f9a0-42a7-9e7e-033de2f232fa,,,,0,,103,1,292380.4101,9104706.523
82,1,292435.5376,9104898.775,0,5756690c-f9a0-42a7-9e7e-033de2f232fa,,,,1,,103,1,292352.8464,9104610.397
83,1,292531.6637,9104871.212,0,c1a4cca4-7b6a-4d70-a0fc-ecd566d810c3,,,,0,,103,1,292256.7202,9104637.961
83,1,292627.7899,9104843.648,0,c1a4cca4-7b6a-4d70-a0fc-ecd566d810c3,,,,0,,104,1,292380.4101,9104706.523
83,1,292600.2262,9104747.522,0,c1a4cca4-7b6a-4d70-a0fc-ecd566d810c3,,,,0,,104,1,292476.5363,9104678.959
83,1,292504.1,9104775.085,0,c1a4cca4-7b6a-4d70-a0fc-ecd566d810c3,,,,0,,104,1,292448.9725,9104582.833
83,1,292531.6637,9104871.212,0,c1a4cca4-7b6a-4d70-a0fc-ecd566d810c3,,,,1,,104,1,292352.8464,9104610.397
84,1,292627.7899,9104843.648,0,d74d4a8a-9ae3-46fd-b7de-e5e48244b042,,,,0,,105,1,292476.5363,9104678.959
84,1,292723.9161,9104816.084,0,d74d4a8a-9ae3-46fd-b7de-e5e48244b042,,,,0,,105,1,292572.6624,9104651.395
84,1,292696.3523,9104719.958,0,d74d4a8a-9ae3-46fd-b7de-e5e48244b042,,,,0,,105,1,292545.0987,9104555.269
84,1,292600.2262,9104747.522,0,d74d4a8a-9ae3-46fd-b7de-e5e48244b042,,,,0,,105,1,292448.9725,9104582.833
84,1,292627.7899,9104843.648,0,d74d4a8a-9ae3-46fd-b7de-e5e48244b042,,,,1,,106,1,292572.6624,9104651.395
85,1,292723.9161,9104816.084,0,b371592b-8335-49c7-9347-a82c86ae2920,,,,0,,106,1,292668.7886,9104623.832
85,1,292820.0422,9104788.52,0,b371592b-8335-49c7-9347-a82c86ae2920,,,,0,,106,1,292641.2249,9104527.706
85,1,292792.4785,9104692.394,0,b371592b-8335-49c7-9347-a82c86ae2920,,,,0,,106,1,292545.0987,9104555.269
85,1,292696.3523,9104719.958,0,b371592b-8335-49c7-9347-a82c86ae2920,,,,0,,107,1,292668.7886,9104623.832
85,1,292723.9161,9104816.084,0,b371592b-8335-49c7-9347-a82c86ae2920,,,,1,,107,1,292764.9148,9104596.268
86,1,292820.0422,9104788.52,0,ba2d0a21-e55f-473c-97dc-e359902e3efa,,,,0,,107,1,292737.351,9104500.142
86,1,292916.1684,9104760.957,0,ba2d0a21-e55f-473c-97dc-e359902e3efa,,,,0,,107,1,292641.2249,9104527.706
86,1,292888.6047,9104664.83,0,ba2d0a21-e55f-473c-97dc-e359902e3efa,,,,0,,108,1,292764.9148,9104596.268
86,1,292792.4785,9104692.394,0,ba2d0a21-e55f-473c-97dc-e359902e3efa,,,,0,,108,1,292861.0409,9104568.704
86,1,292820.0422,9104788.52,0,ba2d0a21-e55f-473c-97dc-e359902e3efa,,,,1,,108,1,292833.4772,9104472.578
87,1,292916.1684,9104760.957,0,0098be55-fd42-4b32-945e-0aaae0c55b1a,,,,0,,108,1,292737.351,9104500.142
87,1,293012.2946,9104733.393,0,0098be55-fd42-4b32-945e-0aaae0c55b1a,,,,0,,109,1,292861.0409,9104568.704
87,1,292984.7308,9104637.267,0,0098be55-fd42-4b32-945e-0aaae0c55b1a,,,,0,,109,1,292957.1671,9104541.141
87,1,292888.6047,9104664.83,0,0098be55-fd42-4b32-945e-0aaae0c55b1a,,,,0,,109,1,292929.6034,9104445.014
87,1,292916.1684,9104760.957,0,0098be55-fd42-4b32-945e-0aaae0c55b1a,,,,1,,109,1,292833.4772,9104472.578
88,1,291927.343,9104940.468,0,eac591a5-04f2-4f03-9c4d-57ed86d52f45,,,,0,,110,1,291872.2155,9104748.215
88,1,292023.4692,9104912.904,0,eac591a5-04f2-4f03-9c4d-57ed86d52f45,,,,0,,110,1,291968.3417,9104720.652
88,1,291995.9054,9104816.778,0,eac591a5-04f2-4f03-9c4d-57ed86d52f45,,,,0,,110,1,291940.7779,9104624.526
88,1,291899.7792,9104844.342,0,eac591a5-04f2-4f03-9c4d-57ed86d52f45,,,,0,,110,1,291844.6518,9104652.089
88,1,291927.343,9104940.468,0,eac591a5-04f2-4f03-9c4d-57ed86d52f45,,,,1,,111,1,291968.3417,9104720.652
89,1,292023.4692,9104912.904,0,124859f4-6bec-4357-b43e-a89126edf670,,,,0,,111,1,292064.4679,9104693.088
89,1,292119.5953,9104885.34,0,124859f4-6bec-4357-b43e-a89126edf670,,,,0,,111,1,292036.9041,9104596.962
89,1,292092.0316,9104789.214,0,124859f4-6bec-4357-b43e-a89126edf670,,,,0,,111,1,291940.7779,9104624.526
89,1,291995.9054,9104816.778,0,124859f4-6bec-4357-b43e-a89126edf670,,,,0,,112,1,292064.4679,9104693.088
89,1,292023.4692,9104912.904,0,124859f4-6bec-4357-b43e-a89126edf670,,,,1,,112,1,292160.594,9104665.524
90,1,292119.5953,9104885.34,0,d52ea402-e6d4-43f3-9569-8859dd83109e,,,,0,,112,1,292133.0303,9104569.398
90,1,292215.7215,9104857.777,0,d52ea402-e6d4-43f3-9569-8859dd83109e,,,,0,,112,1,292036.9041,9104596.962
90,1,292188.1578,9104761.65,0,d52ea402-e6d4-43f3-9569-8859dd83109e,,,,0,,113,1,292160.594,9104665.524
90,1,292092.0316,9104789.214,0,d52ea402-e6d4-43f3-9569-8859dd83109e,,,,0,,113,1,292256.7202,9104637.961
90,1,292119.5953,9104885.34,0,d52ea402-e6d4-43f3-9569-8859dd83109e,,,,1,,113,1,292229.1565,9104541.834
91,1,292215.7215,9104857.777,0,0e9584dd-038b-4759-8682-90569ac1e75f,,,,0,,113,1,292133.0303,9104569.398
91,1,292311.8477,9104830.213,0,0e9584dd-038b-4759-8682-90569ac1e75f,,,,0,,114,1,292256.7202,9104637.961
91,1,292284.2839,9104734.087,0,0e9584dd-038b-4759-8682-90569ac1e75f,,,,0,,114,1,292352.8464,9104610.397
91,1,292188.1578,9104761.65,0,0e9584dd-038b-4759-8682-90569ac1e75f,,,,0,,114,1,292325.2826,9104514.271
91,1,292215.7215,9104857.777,0,0e9584dd-038b-4759-8682-90569ac1e75f,,,,1,,114,1,292229.1565,9104541.834
92,1,292311.8477,9104830.213,0,3fe937eb-38f7-4662-a9ea-fa626097bfaf,,,,0,,115,1,292352.8464,9104610.397
92,1,292407.9738,9104802.649,0,3fe937eb-38f7-4662-a9ea-fa626097bfaf,,,,0,,115,1,292448.9725,9104582.833
92,1,292380.4101,9104706.523,0,3fe937eb-38f7-4662-a9ea-fa626097bfaf,,,,0,,115,1,292421.4088,9104486.707
92,1,292284.2839,9104734.087,0,3fe937eb-38f7-4662-a9ea-fa626097bfaf,,,,0,,115,1,292325.2826,9104514.271
92,1,292311.8477,9104830.213,0,3fe937eb-38f7-4662-a9ea-fa626097bfaf,,,,1,,116,1,292448.9725,9104582.833
93,1,292407.9738,9104802.649,0,d16dfcb9-8e43-4a03-8c5d-4c525b1b2c1d,,,,0,,116,1,292545.0987,9104555.269
93,1,292504.1,9104775.085,0,d16dfcb9-8e43-4a03-8c5d-4c525b1b2c1d,,,,0,,116,1,292517.535,9104459.143
93,1,292476.5363,9104678.959,0,d16dfcb9-8e43-4a03-8c5d-4c525b1b2c1d,,,,0,,116,1,292421.4088,9104486.707
93,1,292380.4101,9104706.523,0,d16dfcb9-8e43-4a03-8c5d-4c525b1b2c1d,,,,0,,117,1,292545.0987,9104555.269
93,1,292407.9738,9104802.649,0,d16dfcb9-8e43-4a03-8c5d-4c525b1b2c1d,,,,1,,117,1,292641.2249,9104527.706
94,1,292504.1,9104775.085,0,7ee552ad-f2b4-42e3-acf7-82a7115025be,,,,0,,117,1,292613.6611,9104431.579
94,1,292600.2262,9104747.522,0,7ee552ad-f2b4-42e3-acf7-82a7115025be,,,,0,,117,1,292517.535,9104459.143
94,1,292572.6624,9104651.395,0,7ee552ad-f2b4-42e3-acf7-82a7115025be,,,,0,,118,1,292641.2249,9104527.706
94,1,292476.5363,9104678.959,0,7ee552ad-f2b4-42e3-acf7-82a7115025be,,,,0,,118,1,292737.351,9104500.142
94,1,292504.1,9104775.085,0,7ee552ad-f2b4-42e3-acf7-82a7115025be,,,,1,,118,1,292709.7873,9104404.016
95,1,292600.2262,9104747.522,0,e353692d-4e23-4b95-8573-0cd2b6f7733e,,,,0,,118,1,292613.6611,9104431.579
95,1,292696.3523,9104719.958,0,e353692d-4e23-4b95-8573-0cd2b6f7733e,,,,0,,119,1,292737.351,9104500.142
95,1,292668.7886,9104623.832,0,e353692d-4e23-4b95-8573-0cd2b6f7733e,,,,0,,119,1,292833.4772,9104472.578
95,1,292572.6624,9104651.395,0,e353692d-4e23-4b95-8573-0cd2b6f7733e,,,,0,,119,1,292805.9135,9104376.452
95,1,292600.2262,9104747.522,0,e353692d-4e23-4b95-8573-0cd2b6f7733e,,,,1,,119,1,292709.7873,9104404.016
96,1,292696.3523,9104719.958,0,daa91f5b-7249-46d6-8878-89a776bcf5f2,,,,0,,120,1,292833.4772,9104472.578
96,1,292792.4785,9104692.394,0,daa91f5b-7249-46d6-8878-89a776bcf5f2,,,,0,,120,1,292929.6034,9104445.014
96,1,292764.9148,9104596.268,0,daa91f5b-7249-46d6-8878-89a776bcf5f2,,,,0,,120,1,292902.0396,9104348.888
96,1,292668.7886,9104623.832,0,daa91f5b-7249-46d6-8878-89a776bcf5f2,,,,0,,120,1,292805.9135,9104376.452
96,1,292696.3523,9104719.958,0,daa91f5b-7249-46d6-8878-89a776bcf5f2,,,,1,,121,1,291844.6518,9104652.089
97,1,292792.4785,9104692.394,0,46c03dc3-736b-4fa9-899a-16d58707c2ef,,,,0,,121,1,291940.7779,9104624.526
97,1,292888.6047,9104664.83,0,46c03dc3-736b-4fa9-899a-16d58707c2ef,,,,0,,121,1,291913.2142,9104528.399
97,1,292861.0409,9104568.704,0,46c03dc3-736b-4fa9-899a-16d58707c2ef,,,,0,,121,1,291817.088,9104555.963
97,1,292764.9148,9104596.268,0,46c03dc3-736b-4fa9-899a-16d58707c2ef,,,,0,,122,1,291940.7779,9104624.526
97,1,292792.4785,9104692.394,0,46c03dc3-736b-4fa9-899a-16d58707c2ef,,,,1,,122,1,292036.9041,9104596.962
98,1,292888.6047,9104664.83,0,7494d684-6fc5-4c49-90aa-3375fc4f9ca3,,,,0,,122,1,292009.3404,9104500.836
98,1,292984.7308,9104637.267,0,7494d684-6fc5-4c49-90aa-3375fc4f9ca3,,,,0,,122,1,291913.2142,9104528.399
98,1,292957.1671,9104541.141,0,7494d684-6fc5-4c49-90aa-3375fc4f9ca3,,,,0,,123,1,292036.9041,9104596.962
98,1,292861.0409,9104568.704,0,7494d684-6fc5-4c49-90aa-3375fc4f9ca3,,,,0,,123,1,292133.0303,9104569.398
98,1,292888.6047,9104664.83,0,7494d684-6fc5-4c49-90aa-3375fc4f9ca3,,,,1,,123,1,292105.4666,9104473.272
99,1,291899.7792,9104844.342,0,0210acb8-29d9-40d1-9fe6-629fd20d741e,,,,0,,123,1,292009.3404,9104500.836
99,1,291995.9054,9104816.778,0,0210acb8-29d9-40d1-9fe6-629fd20d741e,,,,0,,124,1,292133.0303,9104569.398
99,1,291968.3417,9104720.652,0,0210acb8-29d9-40d1-9fe6-629fd20d741e,,,,0,,124,1,292229.1565,9104541.834
99,1,291872.2155,9104748.215,0,0210acb8-29d9-40d1-9fe6-629fd20d741e,,,,0,,124,1,292201.5927,9104445.708
99,1,291899.7792,9104844.342,0,0210acb8-29d9-40d1-9fe6-629fd20d741e,,,,1,,124,1,292105.4666,9104473.272
100,1,291995.9054,9104816.778,0,b750da32-1728-496c-a038-65a460620398,,,,0,,125,1,292229.1565,9104541.834
100,1,292092.0316,9104789.214,0,b750da32-1728-496c-a038-65a460620398,,,,0,,125,1,292325.2826,9104514.271
100,1,292064.4679,9104693.088,0,b750da32-1728-496c-a038-65a460620398,,,,0,,125,1,292297.7189,9104418.144
100,1,291968.3417,9104720.652,0,b750da32-1728-496c-a038-65a460620398,,,,0,,125,1,292201.5927,9104445.708
100,1,291995.9054,9104816.778,0,b750da32-1728-496c-a038-65a460620398,,,,1,,126,1,292325.2826,9104514.271
101,1,292092.0316,9104789.214,0,24446017-0560-4f9b-808b-e54d823f64cc,,,,0,,126,1,292421.4088,9104486.707
101,1,292188.1578,9104761.65,0,24446017-0560-4f9b-808b-e54d823f64cc,,,,0,,126,1,292393.8451,9104390.581
101,1,292160.594,9104665.524,0,24446017-0560-4f9b-808b-e54d823f64cc,,,,0,,126,1,292297.7189,9104418.144
101,1,292064.4679,9104693.088,0,24446017-0560-4f9b-808b-e54d823f64cc,,,,0,,127,1,292421.4088,9104486.707
101,1,292092.0316,9104789.214,0,24446017-0560-4f9b-808b-e54d823f64cc,,,,1,,127,1,292517.535,9104459.143
102,1,292188.1578,9104761.65,0,69fd50a2-aaa0-4315-bcc1-8cc58472125c,,,,0,,127,1,292489.9712,9104363.017
102,1,292284.2839,9104734.087,0,69fd50a2-aaa0-4315-bcc1-8cc58472125c,,,,0,,127,1,292393.8451,9104390.581
102,1,292256.7202,9104637.961,0,69fd50a2-aaa0-4315-bcc1-8cc58472125c,,,,0,,128,1,292517.535,9104459.143
102,1,292160.594,9104665.524,0,69fd50a2-aaa0-4315-bcc1-8cc58472125c,,,,0,,128,1,292613.6611,9104431.579
102,1,292188.1578,9104761.65,0,69fd50a2-aaa0-4315-bcc1-8cc58472125c,,,,1,,128,1,292586.0974,9104335.453
103,1,292284.2839,9104734.087,0,19f452e3-e0c2-4bb1-bedc-afdce445b7d7,,,,0,,128,1,292489.9712,9104363.017
103,1,292380.4101,9104706.523,0,19f452e3-e0c2-4bb1-bedc-afdce445b7d7,,,,0,,129,1,292613.6611,9104431.579
103,1,292352.8464,9104610.397,0,19f452e3-e0c2-4bb1-bedc-afdce445b7d7,,,,0,,129,1,292709.7873,9104404.016
103,1,292256.7202,9104637.961,0,19f452e3-e0c2-4bb1-bedc-afdce445b7d7,,,,0,,129,1,292682.2236,9104307.89
103,1,292284.2839,9104734.087,0,19f452e3-e0c2-4bb1-bedc-afdce445b7d7,,,,1,,129,1,292586.0974,9104335.453
104,1,292380.4101,9104706.523,0,0c268158-bb54-432b-a0d2-66793cdb5ea4,,,,0,,130,1,292709.7873,9104404.016
104,1,292476.5363,9104678.959,0,0c268158-bb54-432b-a0d2-66793cdb5ea4,,,,0,,130,1,292805.9135,9104376.452
104,1,292448.9725,9104582.833,0,0c268158-bb54-432b-a0d2-66793cdb5ea4,,,,0,,130,1,292778.3497,9104280.326
104,1,292352.8464,9104610.397,0,0c268158-bb54-432b-a0d2-66793cdb5ea4,,,,0,,130,1,292682.2236,9104307.89
104,1,292380.4101,9104706.523,0,0c268158-bb54-432b-a0d2-66793cdb5ea4,,,,1,,131,1,292805.9135,9104376.452
105,1,292476.5363,9104678.959,0,6e29f33d-1d80-4373-97bc-af1bc1ff87f3,,,,0,,131,1,292902.0396,9104348.888
105,1,292572.6624,9104651.395,0,6e29f33d-1d80-4373-97bc-af1bc1ff87f3,,,,0,,131,1,292874.4759,9104252.762
105,1,292545.0987,9104555.269,0,6e29f33d-1d80-4373-97bc-af1bc1ff87f3,,,,0,,131,1,292778.3497,9104280.326
105,1,292448.9725,9104582.833,0,6e29f33d-1d80-4373-97bc-af1bc1ff87f3,,,,0,,132,1,291817.088,9104555.963
105,1,292476.5363,9104678.959,0,6e29f33d-1d80-4373-97bc-af1bc1ff87f3,,,,1,,132,1,291913.2142,9104528.399
106,1,292572.6624,9104651.395,0,fff68f04-20e5-4468-a797-1ebc219e62f9,,,,0,,132,1,291885.6505,9104432.273
106,1,292668.7886,9104623.832,0,fff68f04-20e5-4468-a797-1ebc219e62f9,,,,0,,132,1,291789.5243,9104459.837
106,1,292641.2249,9104527.706,0,fff68f04-20e5-4468-a797-1ebc219e62f9,,,,0,,133,1,291913.2142,9104528.399
106,1,292545.0987,9104555.269,0,fff68f04-20e5-4468-a797-1ebc219e62f9,,,,0,,133,1,292009.3404,9104500.836
106,1,292572.6624,9104651.395,0,fff68f04-20e5-4468-a797-1ebc219e62f9,,,,1,,133,1,291981.7766,9104404.709
107,1,292668.7886,9104623.832,0,4c3a2660-c18b-47bc-8108-dd921305d86e,,,,0,,133,1,291885.6505,9104432.273
107,1,292764.9148,9104596.268,0,4c3a2660-c18b-47bc-8108-dd921305d86e,,,,0,,134,1,292009.3404,9104500.836
107,1,292737.351,9104500.142,0,4c3a2660-c18b-47bc-8108-dd921305d86e,,,,0,,134,1,292105.4666,9104473.272
107,1,292641.2249,9104527.706,0,4c3a2660-c18b-47bc-8108-dd921305d86e,,,,0,,134,1,292077.9028,9104377.146
107,1,292668.7886,9104623.832,0,4c3a2660-c18b-47bc-8108-dd921305d86e,,,,1,,134,1,291981.7766,9104404.709
108,1,292764.9148,9104596.268,0,5dbdb756-15cb-4b37-81fc-104d2d90fdac,,,,0,,135,1,292105.4666,9104473.272
108,1,292861.0409,9104568.704,0,5dbdb756-15cb-4b37-81fc-104d2d90fdac,,,,0,,135,1,292201.5927,9104445.708
108,1,292833.4772,9104472.578,0,5dbdb756-15cb-4b37-81fc-104d2d90fdac,,,,0,,135,1,292174.029,9104349.582
108,1,292737.351,9104500.142,0,5dbdb756-15cb-4b37-81fc-104d2d90fdac,,,,0,,135,1,292077.9028,9104377.146
108,1,292764.9148,9104596.268,0,5dbdb756-15cb-4b37-81fc-104d2d90fdac,,,,1,,136,1,292201.5927,9104445.708
109,1,292861.0409,9104568.704,0,610287a3-281c-4e7d-ab94-d9300de614a0,,,,0,,136,1,292297.7189,9104418.144
109,1,292957.1671,9104541.141,0,610287a3-281c-4e7d-ab94-d9300de614a0,,,,0,,136,1,292270.1552,9104322.018
109,1,292929.6034,9104445.014,0,610287a3-281c-4e7d-ab94-d9300de614a0,,,,0,,136,1,292174.029,9104349.582
109,1,292833.4772,9104472.578,0,610287a3-281c-4e7d-ab94-d9300de614a0,,,,0,,137,1,292297.7189,9104418.144
109,1,292861.0409,9104568.704,0,610287a3-281c-4e7d-ab94-d9300de614a0,,,,1,,137,1,292393.8451,9104390.581
110,1,291872.2155,9104748.215,0,6384f55b-96f7-4715-a954-df4bde00aa81,,,,0,,137,1,292366.2813,9104294.455
110,1,291968.3417,9104720.652,0,6384f55b-96f7-4715-a954-df4bde00aa81,,,,0,,137,1,292270.1552,9104322.018
110,1,291940.7779,9104624.526,0,6384f55b-96f7-4715-a954-df4bde00aa81,,,,0,,138,1,292393.8451,9104390.581
110,1,291844.6518,9104652.089,0,6384f55b-96f7-4715-a954-df4bde00aa81,,,,0,,138,1,292489.9712,9104363.017
110,1,291872.2155,9104748.215,0,6384f55b-96f7-4715-a954-df4bde00aa81,,,,1,,138,1,292462.4075,9104266.891
111,1,291968.3417,9104720.652,0,0f6c402d-c9ce-49c8-b81c-a2861c51d331,,,,0,,138,1,292366.2813,9104294.455
111,1,292064.4679,9104693.088,0,0f6c402d-c9ce-49c8-b81c-a2861c51d331,,,,0,,139,1,292489.9712,9104363.017
111,1,292036.9041,9104596.962,0,0f6c402d-c9ce-49c8-b81c-a2861c51d331,,,,0,,139,1,292586.0974,9104335.453
111,1,291940.7779,9104624.526,0,0f6c402d-c9ce-49c8-b81c-a2861c51d331,,,,0,,139,1,292558.5337,9104239.327
111,1,291968.3417,9104720.652,0,0f6c402d-c9ce-49c8-b81c-a2861c51d331,,,,1,,139,1,292462.4075,9104266.891
112,1,292064.4679,9104693.088,0,51a7faba-1b9d-4437-91d5-6d0098f71981,,,,0,,140,1,292586.0974,9104335.453
112,1,292160.594,9104665.524,0,51a7faba-1b9d-4437-91d5-6d0098f71981,,,,0,,140,1,292682.2236,9104307.89
112,1,292133.0303,9104569.398,0,51a7faba-1b9d-4437-91d5-6d0098f71981,,,,0,,140,1,292654.6598,9104211.763
112,1,292036.9041,9104596.962,0,51a7faba-1b9d-4437-91d5-6d0098f71981,,,,0,,140,1,292558.5337,9104239.327
112,1,292064.4679,9104693.088,0,51a7faba-1b9d-4437-91d5-6d0098f71981,,,,1,,141,1,292682.2236,9104307.89
113,1,292160.594,9104665.524,0,3cb13dc0-b3dc-4c11-839f-cbfc475743c4,,,,0,,141,1,292778.3497,9104280.326
113,1,292256.7202,9104637.961,0,3cb13dc0-b3dc-4c11-839f-cbfc475743c4,,,,0,,141,1,292750.786,9104184.2
113,1,292229.1565,9104541.834,0,3cb13dc0-b3dc-4c11-839f-cbfc475743c4,,,,0,,141,1,292654.6598,9104211.763
113,1,292133.0303,9104569.398,0,3cb13dc0-b3dc-4c11-839f-cbfc475743c4,,,,0,,142,1,292778.3497,9104280.326
113,1,292160.594,9104665.524,0,3cb13dc0-b3dc-4c11-839f-cbfc475743c4,,,,1,,142,1,292874.4759,9104252.762
114,1,292256.7202,9104637.961,0,d325c9cc-3faa-4a2d-ae05-6b7c35b867eb,,,,0,,142,1,292846.9122,9104156.636
114,1,292352.8464,9104610.397,0,d325c9cc-3faa-4a2d-ae05-6b7c35b867eb,,,,0,,142,1,292750.786,9104184.2
114,1,292325.2826,9104514.271,0,d325c9cc-3faa-4a2d-ae05-6b7c35b867eb,,,,0,,143,1,291789.5243,9104459.837
114,1,292229.1565,9104541.834,0,d325c9cc-3faa-4a2d-ae05-6b7c35b867eb,,,,0,,143,1,291885.6505,9104432.273
114,1,292256.7202,9104637.961,0,d325c9cc-3faa-4a2d-ae05-6b7c35b867eb,,,,1,,143,1,291858.0867,9104336.147
115,1,292352.8464,9104610.397,0,284839b1-18fa-42de-a3e2-0fcdde39d156,,,,0,,143,1,291761.9606,9104363.711
115,1,292448.9725,9104582.833,0,284839b1-18fa-42de-a3e2-0fcdde39d156,,,,0,,144,1,291885.6505,9104432.273
115,1,292421.4088,9104486.707,0,284839b1-18fa-42de-a3e2-0fcdde39d156,,,,0,,144,1,291981.7766,9104404.709
115,1,292325.2826,9104514.271,0,284839b1-18fa-42de-a3e2-0fcdde39d156,,,,0,,144,1,291954.2129,9104308.583
115,1,292352.8464,9104610.397,0,284839b1-18fa-42de-a3e2-0fcdde39d156,,,,1,,144,1,291858.0867,9104336.147
116,1,292448.9725,9104582.833,0,1a6c2d62-b417-4d3a-ae2c-8e9ab0f4022a,,,,0,,145,1,291981.7766,9104404.709
116,1,292545.0987,9104555.269,0,1a6c2d62-b417-4d3a-ae2c-8e9ab0f4022a,,,,0,,145,1,292077.9028,9104377.146
116,1,292517.535,9104459.143,0,1a6c2d62-b417-4d3a-ae2c-8e9ab0f4022a,,,,0,,145,1,292050.3391,9104281.02
116,1,292421.4088,9104486.707,0,1a6c2d62-b417-4d3a-ae2c-8e9ab0f4022a,,,,0,,145,1,291954.2129,9104308.583
116,1,292448.9725,9104582.833,0,1a6c2d62-b417-4d3a-ae2c-8e9ab0f4022a,,,,1,,146,1,292077.9028,9104377.146
117,1,292545.0987,9104555.269,0,6e687435-f514-4622-9b1c-5e901fa0762e,,,,0,,146,1,292174.029,9104349.582
117,1,292641.2249,9104527.706,0,6e687435-f514-4622-9b1c-5e901fa0762e,,,,0,,146,1,292146.4652,9104253.456
117,1,292613.6611,9104431.579,0,6e687435-f514-4622-9b1c-5e901fa0762e,,,,0,,146,1,292050.3391,9104281.02
117,1,292517.535,9104459.143,0,6e687435-f514-4622-9b1c-5e901fa0762e,,,,0,,147,1,292174.029,9104349.582
117,1,292545.0987,9104555.269,0,6e687435-f514-4622-9b1c-5e901fa0762e,,,,1,,147,1,292270.1552,9104322.018
118,1,292641.2249,9104527.706,0,e78f1974-d920-4e8e-a352-3607da584c23,,,,0,,147,1,292242.5914,9104225.892
118,1,292737.351,9104500.142,0,e78f1974-d920-4e8e-a352-3607da584c23,,,,0,,147,1,292146.4652,9104253.456
118,1,292709.7873,9104404.016,0,e78f1974-d920-4e8e-a352-3607da584c23,,,,0,,148,1,292270.1552,9104322.018
118,1,292613.6611,9104431.579,0,e78f1974-d920-4e8e-a352-3607da584c23,,,,0,,148,1,292366.2813,9104294.455
118,1,292641.2249,9104527.706,0,e78f1974-d920-4e8e-a352-3607da584c23,,,,1,,148,1,292338.7176,9104198.328
119,1,292737.351,9104500.142,0,7baf8292-e91a-4739-89b0-6a4e368b47c5,,,,0,,148,1,292242.5914,9104225.892
119,1,292833.4772,9104472.578,0,7baf8292-e91a-4739-89b0-6a4e368b47c5,,,,0,,149,1,292366.2813,9104294.455
119,1,292805.9135,9104376.452,0,7baf8292-e91a-4739-89b0-6a4e368b47c5,,,,0,,149,1,292462.4075,9104266.891
119,1,292709.7873,9104404.016,0,7baf8292-e91a-4739-89b0-6a4e368b47c5,,,,0,,149,1,292434.8438,9104170.765
119,1,292737.351,9104500.142,0,7baf8292-e91a-4739-89b0-6a4e368b47c5,,,,1,,149,1,292338.7176,9104198.328
120,1,292833.4772,9104472.578,0,de6bf47d-5a22-4419-ba9b-ee8489d78647,,,,0,,150,1,292462.4075,9104266.891
120,1,292929.6034,9104445.014,0,de6bf47d-5a22-4419-ba9b-ee8489d78647,,,,0,,150,1,292558.5337,9104239.327
120,1,292902.0396,9104348.888,0,de6bf47d-5a22-4419-ba9b-ee8489d78647,,,,0,,150,1,292530.9699,9104143.201
120,1,292805.9135,9104376.452,0,de6bf47d-5a22-4419-ba9b-ee8489d78647,,,,0,,150,1,292434.8438,9104170.765
120,1,292833.4772,9104472.578,0,de6bf47d-5a22-4419-ba9b-ee8489d78647,,,,1,,151,1,292558.5337,9104239.327
121,1,291844.6518,9104652.089,0,8a7a9364-dd58-4093-bef7-403dc237f0b4,,,,0,,151,1,292654.6598,9104211.763
121,1,291940.7779,9104624.526,0,8a7a9364-dd58-4093-bef7-403dc237f0b4,,,,0,,151,1,292627.0961,9104115.637
121,1,291913.2142,9104528.399,0,8a7a9364-dd58-4093-bef7-403dc237f0b4,,,,0,,151,1,292530.9699,9104143.201
121,1,291817.088,9104555.963,0,8a7a9364-dd58-4093-bef7-403dc237f0b4,,,,0,,152,1,292654.6598,9104211.763
121,1,291844.6518,9104652.089,0,8a7a9364-dd58-4093-bef7-403dc237f0b4,,,,1,,152,1,292750.786,9104184.2
122,1,291940.7779,9104624.526,0,70b60e12-f8fc-463f-a8c1-30092e1de4ea,,,,0,,152,1,292723.2223,9104088.073
122,1,292036.9041,9104596.962,0,70b60e12-f8fc-463f-a8c1-30092e1de4ea,,,,0,,152,1,292627.0961,9104115.637
122,1,292009.3404,9104500.836,0,70b60e12-f8fc-463f-a8c1-30092e1de4ea,,,,0,,153,1,292750.786,9104184.2
122,1,291913.2142,9104528.399,0,70b60e12-f8fc-463f-a8c1-30092e1de4ea,,,,0,,153,1,292846.9122,9104156.636
122,1,291940.7779,9104624.526,0,70b60e12-f8fc-463f-a8c1-30092e1de4ea,,,,1,,153,1,292819.3484,9104060.51
123,1,292036.9041,9104596.962,0,1cf686fa-643f-415f-8a48-b3628dbe1a94,,,,0,,153,1,292723.2223,9104088.073
123,1,292133.0303,9104569.398,0,1cf686fa-643f-415f-8a48-b3628dbe1a94,,,,0,,,,,
123,1,292105.4666,9104473.272,0,1cf686fa-643f-415f-8a48-b3628dbe1a94,,,,0,,,,,
123,1,292009.3404,9104500.836,0,1cf686fa-643f-415f-8a48-b3628dbe1a94,,,,0,,,,,
123,1,292036.9041,9104596.962,0,1cf686fa-643f-415f-8a48-b3628dbe1a94,,,,1,,,,,
124,1,292133.0303,9104569.398,0,da743b10-efd2-4ce4-9e51-18bbfd21bc58,,,,0,,,,,
124,1,292229.1565,9104541.834,0,da743b10-efd2-4ce4-9e51-18bbfd21bc58,,,,0,,,,,
124,1,292201.5927,9104445.708,0,da743b10-efd2-4ce4-9e51-18bbfd21bc58,,,,0,,,,,
124,1,292105.4666,9104473.272,0,da743b10-efd2-4ce4-9e51-18bbfd21bc58,,,,0,,,,,
124,1,292133.0303,9104569.398,0,da743b10-efd2-4ce4-9e51-18bbfd21bc58,,,,1,,,,,
125,1,292229.1565,9104541.834,0,5fc8586b-b3a1-43c6-b9b3-329ff18fd09b,,,,0,,,,,
125,1,292325.2826,9104514.271,0,5fc8586b-b3a1-43c6-b9b3-329ff18fd09b,,,,0,,,,,
125,1,292297.7189,9104418.144,0,5fc8586b-b3a1-43c6-b9b3-329ff18fd09b,,,,0,,,,,
125,1,292201.5927,9104445.708,0,5fc8586b-b3a1-43c6-b9b3-329ff18fd09b,,,,0,,,,,
125,1,292229.1565,9104541.834,0,5fc8586b-b3a1-43c6-b9b3-329ff18fd09b,,,,1,,,,,
126,1,292325.2826,9104514.271,0,4be90e05-41fb-44ee-bc56-099e7d8cc1dc,,,,0,,,,,
126,1,292421.4088,9104486.707,0,4be90e05-41fb-44ee-bc56-099e7d8cc1dc,,,,0,,,,,
126,1,292393.8451,9104390.581,0,4be90e05-41fb-44ee-bc56-099e7d8cc1dc,,,,0,,,,,
126,1,292297.7189,9104418.144,0,4be90e05-41fb-44ee-bc56-099e7d8cc1dc,,,,0,,,,,
126,1,292325.2826,9104514.271,0,4be90e05-41fb-44ee-bc56-099e7d8cc1dc,,,,1,,,,,
127,1,292421.4088,9104486.707,0,a30c77a5-dcc6-455c-8753-7daf11da751b,,,,0,,,,,
127,1,292517.535,9104459.143,0,a30c77a5-dcc6-455c-8753-7daf11da751b,,,,0,,,,,
127,1,292489.9712,9104363.017,0,a30c77a5-dcc6-455c-8753-7daf11da751b,,,,0,,,,,
127,1,292393.8451,9104390.581,0,a30c77a5-dcc6-455c-8753-7daf11da751b,,,,0,,,,,
127,1,292421.4088,9104486.707,0,a30c77a5-dcc6-455c-8753-7daf11da751b,,,,1,,,,,
128,1,292517.535,9104459.143,0,d83206bd-363a-43a1-8eea-a7213564b95a,,,,0,,,,,
128,1,292613.6611,9104431.579,0,d83206bd-363a-43a1-8eea-a7213564b95a,,,,0,,,,,
128,1,292586.0974,9104335.453,0,d83206bd-363a-43a1-8eea-a7213564b95a,,,,0,,,,,
128,1,292489.9712,9104363.017,0,d83206bd-363a-43a1-8eea-a7213564b95a,,,,0,,,,,
128,1,292517.535,9104459.143,0,d83206bd-363a-43a1-8eea-a7213564b95a,,,,1,,,,,
129,1,292613.6611,9104431.579,0,320b3aed-1fef-4663-9b5c-912966c9c020,,,,0,,,,,
129,1,292709.7873,9104404.016,0,320b3aed-1fef-4663-9b5c-912966c9c020,,,,0,,,,,
129,1,292682.2236,9104307.89,0,320b3aed-1fef-4663-9b5c-912966c9c020,,,,0,,,,,
129,1,292586.0974,9104335.453,0,320b3aed-1fef-4663-9b5c-912966c9c020,,,,0,,,,,
129,1,292613.6611,9104431.579,0,320b3aed-1fef-4663-9b5c-912966c9c020,,,,1,,,,,
130,1,292709.7873,9104404.016,0,457947a0-23f3-4737-9db4-f619b0fa6aa6,,,,0,,,,,
130,1,292805.9135,9104376.452,0,457947a0-23f3-4737-9db4-f619b0fa6aa6,,,,0,,,,,
130,1,292778.3497,9104280.326,0,457947a0-23f3-4737-9db4-f619b0fa6aa6,,,,0,,,,,
130,1,292682.2236,9104307.89,0,457947a0-23f3-4737-9db4-f619b0fa6aa6,,,,0,,,,,
130,1,292709.7873,9104404.016,0,457947a0-23f3-4737-9db4-f619b0fa6aa6,,,,1,,,,,
131,1,292805.9135,9104376.452,0,6a47bee7-f473-4f64-b631-d0cf498b6a0a,,,,0,,,,,
131,1,292902.0396,9104348.888,0,6a47bee7-f473-4f64-b631-d0cf498b6a0a,,,,0,,,,,
131,1,292874.4759,9104252.762,0,6a47bee7-f473-4f64-b631-d0cf498b6a0a,,,,0,,,,,
131,1,292778.3497,9104280.326,0,6a47bee7-f473-4f64-b631-d0cf498b6a0a,,,,0,,,,,
131,1,292805.9135,9104376.452,0,6a47bee7-f473-4f64-b631-d0cf498b6a0a,,,,1,,,,,
132,1,291817.088,9104555.963,0,9189ce5a-db78-477d-92c9-16d4c15a547c,,,,0,,,,,
132,1,291913.2142,9104528.399,0,9189ce5a-db78-477d-92c9-16d4c15a547c,,,,0,,,,,
132,1,291885.6505,9104432.273,0,9189ce5a-db78-477d-92c9-16d4c15a547c,,,,0,,,,,
132,1,291789.5243,9104459.837,0,9189ce5a-db78-477d-92c9-16d4c15a547c,,,,0,,,,,
132,1,291817.088,9104555.963,0,9189ce5a-db78-477d-92c9-16d4c15a547c,,,,1,,,,,
133,1,291913.2142,9104528.399,0,c25297c8-0adc-44a2-b03e-c855ac5dde88,,,,0,,,,,
133,1,292009.3404,9104500.836,0,c25297c8-0adc-44a2-b03e-c855ac5dde88,,,,0,,,,,
133,1,291981.7766,9104404.709,0,c25297c8-0adc-44a2-b03e-c855ac5dde88,,,,0,,,,,
133,1,291885.6505,9104432.273,0,c25297c8-0adc-44a2-b03e-c855ac5dde88,,,,0,,,,,
133,1,291913.2142,9104528.399,0,c25297c8-0adc-44a2-b03e-c855ac5dde88,,,,1,,,,,
134,1,292009.3404,9104500.836,0,581ecb11-4ed8-4662-ba08-e846a4a42158,,,,0,,,,,
134,1,292105.4666,9104473.272,0,581ecb11-4ed8-4662-ba08-e846a4a42158,,,,0,,,,,
134,1,292077.9028,9104377.146,0,581ecb11-4ed8-4662-ba08-e846a4a42158,,,,0,,,,,
134,1,291981.7766,9104404.709,0,581ecb11-4ed8-4662-ba08-e846a4a42158,,,,0,,,,,
134,1,292009.3404,9104500.836,0,581ecb11-4ed8-4662-ba08-e846a4a42158,,,,1,,,,,
135,1,292105.4666,9104473.272,0,fa3c18fc-0914-4341-9e37-3a6ca5287866,,,,0,,,,,
135,1,292201.5927,9104445.708,0,fa3c18fc-0914-4341-9e37-3a6ca5287866,,,,0,,,,,
135,1,292174.029,9104349.582,0,fa3c18fc-0914-4341-9e37-3a6ca5287866,,,,0,,,,,
135,1,292077.9028,9104377.146,0,fa3c18fc-0914-4341-9e37-3a6ca5287866,,,,0,,,,,
135,1,292105.4666,9104473.272,0,fa3c18fc-0914-4341-9e37-3a6ca5287866,,,,1,,,,,
136,1,292201.5927,9104445.708,0,dc5e924e-ff9e-429e-8de6-e552549cafeb,,,,0,,,,,
136,1,292297.7189,9104418.144,0,dc5e924e-ff9e-429e-8de6-e552549cafeb,,,,0,,,,,
136,1,292270.1552,9104322.018,0,dc5e924e-ff9e-429e-8de6-e552549cafeb,,,,0,,,,,
136,1,292174.029,9104349.582,0,dc5e924e-ff9e-429e-8de6-e552549cafeb,,,,0,,,,,
136,1,292201.5927,9104445.708,0,dc5e924e-ff9e-429e-8de6-e552549cafeb,,,,1,,,,,
137,1,292297.7189,9104418.144,0,e6f9fe85-f584-49b5-ac34-02a3fd699d8d,,,,0,,,,,
137,1,292393.8451,9104390.581,0,e6f9fe85-f584-49b5-ac34-02a3fd699d8d,,,,0,,,,,
137,1,292366.2813,9104294.455,0,e6f9fe85-f584-49b5-ac34-02a3fd699d8d,,,,0,,,,,
137,1,292270.1552,9104322.018,0,e6f9fe85-f584-49b5-ac34-02a3fd699d8d,,,,0,,,,,
137,1,292297.7189,9104418.144,0,e6f9fe85-f584-49b5-ac34-02a3fd699d8d,,,,1,,,,,
138,1,292393.8451,9104390.581,0,7e655117-2a51-48ef-94c1-6d83d8d58c30,,,,0,,,,,
138,1,292489.9712,9104363.017,0,7e655117-2a51-48ef-94c1-6d83d8d58c30,,,,0,,,,,
138,1,292462.4075,9104266.891,0,7e655117-2a51-48ef-94c1-6d83d8d58c30,,,,0,,,,,
138,1,292366.2813,9104294.455,0,7e655117-2a51-48ef-94c1-6d83d8d58c30,,,,0,,,,,
138,1,292393.8451,9104390.581,0,7e655117-2a51-48ef-94c1-6d83d8d58c30,,,,1,,,,,
139,1,292489.9712,9104363.017,0,ccd52a4a-de5c-4751-9a88-ffc83b5be611,,,,0,,,,,
139,1,292586.0974,9104335.453,0,ccd52a4a-de5c-4751-9a88-ffc83b5be611,,,,0,,,,,
139,1,292558.5337,9104239.327,0,ccd52a4a-de5c-4751-9a88-ffc83b5be611,,,,0,,,,,
139,1,292462.4075,9104266.891,0,ccd52a4a-de5c-4751-9a88-ffc83b5be611,,,,0,,,,,
139,1,292489.9712,9104363.017,0,ccd52a4a-de5c-4751-9a88-ffc83b5be611,,,,1,,,,,
140,1,292586.0974,9104335.453,0,4137e53c-8e36-40e2-8b1e-cb15b31ede97,,,,0,,,,,
140,1,292682.2236,9104307.89,0,4137e53c-8e36-40e2-8b1e-cb15b31ede97,,,,0,,,,,
140,1,292654.6598,9104211.763,0,4137e53c-8e36-40e2-8b1e-cb15b31ede97,,,,0,,,,,
140,1,292558.5337,9104239.327,0,4137e53c-8e36-40e2-8b1e-cb15b31ede97,,,,0,,,,,
140,1,292586.0974,9104335.453,0,4137e53c-8e36-40e2-8b1e-cb15b31ede97,,,,1,,,,,
141,1,292682.2236,9104307.89,0,e23ba529-44f6-4f70-9bc0-5b8bad754487,,,,0,,,,,
141,1,292778.3497,9104280.326,0,e23ba529-44f6-4f70-9bc0-5b8bad754487,,,,0,,,,,
141,1,292750.786,9104184.2,0,e23ba529-44f6-4f70-9bc0-5b8bad754487,,,,0,,,,,
141,1,292654.6598,9104211.763,0,e23ba529-44f6-4f70-9bc0-5b8bad754487,,,,0,,,,,
141,1,292682.2236,9104307.89,0,e23ba529-44f6-4f70-9bc0-5b8bad754487,,,,1,,,,,
142,1,292778.3497,9104280.326,0,cdbe3d50-59ef-40b1-9492-ec19422f43ca,,,,0,,,,,
142,1,292874.4759,9104252.762,0,cdbe3d50-59ef-40b1-9492-ec19422f43ca,,,,0,,,,,
142,1,292846.9122,9104156.636,0,cdbe3d50-59ef-40b1-9492-ec19422f43ca,,,,0,,,,,
142,1,292750.786,9104184.2,0,cdbe3d50-59ef-40b1-9492-ec19422f43ca,,,,0,,,,,
142,1,292778.3497,9104280.326,0,cdbe3d50-59ef-40b1-9492-ec19422f43ca,,,,1,,,,,
143,1,291789.5243,9104459.837,0,b17db5d1-39ea-4a5f-80b0-f600c92b6270,,,,0,,,,,
143,1,291885.6505,9104432.273,0,b17db5d1-39ea-4a5f-80b0-f600c92b6270,,,,0,,,,,
143,1,291858.0867,9104336.147,0,b17db5d1-39ea-4a5f-80b0-f600c92b6270,,,,0,,,,,
143,1,291761.9606,9104363.711,0,b17db5d1-39ea-4a5f-80b0-f600c92b6270,,,,0,,,,,
143,1,291789.5243,9104459.837,0,b17db5d1-39ea-4a5f-80b0-f600c92b6270,,,,1,,,,,
144,1,291885.6505,9104432.273,0,8d0248d2-aca4-4aaa-b412-6392ffa462fd,,,,0,,,,,
144,1,291981.7766,9104404.709,0,8d0248d2-aca4-4aaa-b412-6392ffa462fd,,,,0,,,,,
144,1,291954.2129,9104308.583,0,8d0248d2-aca4-4aaa-b412-6392ffa462fd,,,,0,,,,,
144,1,291858.0867,9104336.147,0,8d0248d2-aca4-4aaa-b412-6392ffa462fd,,,,0,,,,,
144,1,291885.6505,9104432.273,0,8d0248d2-aca4-4aaa-b412-6392ffa462fd,,,,1,,,,,
145,1,291981.7766,9104404.709,0,0a22ea03-233e-452d-8f02-8882b190eb17,,,,0,,,,,
145,1,292077.9028,9104377.146,0,0a22ea03-233e-452d-8f02-8882b190eb17,,,,0,,,,,
145,1,292050.3391,9104281.02,0,0a22ea03-233e-452d-8f02-8882b190eb17,,,,0,,,,,
145,1,291954.2129,9104308.583,0,0a22ea03-233e-452d-8f02-8882b190eb17,,,,0,,,,,
145,1,291981.7766,9104404.709,0,0a22ea03-233e-452d-8f02-8882b190eb17,,,,1,,,,,
146,1,292077.9028,9104377.146,0,306e8497-e759-4830-8e92-790bfadeab2e,,,,0,,,,,
146,1,292174.029,9104349.582,0,306e8497-e759-4830-8e92-790bfadeab2e,,,,0,,,,,
146,1,292146.4652,9104253.456,0,306e8497-e759-4830-8e92-790bfadeab2e,,,,0,,,,,
146,1,292050.3391,9104281.02,0,306e8497-e759-4830-8e92-790bfadeab2e,,,,0,,,,,
146,1,292077.9028,9104377.146,0,306e8497-e759-4830-8e92-790bfadeab2e,,,,1,,,,,
147,1,292174.029,9104349.582,0,de262340-3bbb-480b-ae67-c3e062ebc744,,,,0,,,,,
147,1,292270.1552,9104322.018,0,de262340-3bbb-480b-ae67-c3e062ebc744,,,,0,,,,,
147,1,292242.5914,9104225.892,0,de262340-3bbb-480b-ae67-c3e062ebc744,,,,0,,,,,
147,1,292146.4652,9104253.456,0,de262340-3bbb-480b-ae67-c3e062ebc744,,,,0,,,,,
147,1,292174.029,9104349.582,0,de262340-3bbb-480b-ae67-c3e062ebc744,,,,1,,,,,
148,1,292270.1552,9104322.018,0,2adaa5b4-08cd-4d57-bb52-b6d06f9c3d07,,,,0,,,,,
148,1,292366.2813,9104294.455,0,2adaa5b4-08cd-4d57-bb52-b6d06f9c3d07,,,,0,,,,,
148,1,292338.7176,9104198.328,0,2adaa5b4-08cd-4d57-bb52-b6d06f9c3d07,,,,0,,,,,
148,1,292242.5914,9104225.892,0,2adaa5b4-08cd-4d57-bb52-b6d06f9c3d07,,,,0,,,,,
148,1,292270.1552,9104322.018,0,2adaa5b4-08cd-4d57-bb52-b6d06f9c3d07,,,,1,,,,,
149,1,292366.2813,9104294.455,0,28a56246-eb58-496f-ae8d-e28ee05e955b,,,,0,,,,,
149,1,292462.4075,9104266.891,0,28a56246-eb58-496f-ae8d-e28ee05e955b,,,,0,,,,,
149,1,292434.8438,9104170.765,0,28a56246-eb58-496f-ae8d-e28ee05e955b,,,,0,,,,,
149,1,292338.7176,9104198.328,0,28a56246-eb58-496f-ae8d-e28ee05e955b,,,,0,,,,,
149,1,292366.2813,9104294.455,0,28a56246-eb58-496f-ae8d-e28ee05e955b,,,,1,,,,,
150,1,292462.4075,9104266.891,0,f10b5283-baef-4927-869b-cc1c0d6774e6,,,,0,,,,,
150,1,292558.5337,9104239.327,0,f10b5283-baef-4927-869b-cc1c0d6774e6,,,,0,,,,,
150,1,292530.9699,9104143.201,0,f10b5283-baef-4927-869b-cc1c0d6774e6,,,,0,,,,,
150,1,292434.8438,9104170.765,0,f10b5283-baef-4927-869b-cc1c0d6774e6,,,,0,,,,,
150,1,292462.4075,9104266.891,0,f10b5283-baef-4927-869b-cc1c0d6774e6,,,,1,,,,,
151,1,292558.5337,9104239.327,0,c525198a-ca40-42b6-bdcb-81e8638358a8,,,,0,,,,,
151,1,292654.6598,9104211.763,0,c525198a-ca40-42b6-bdcb-81e8638358a8,,,,0,,,,,
151,1,292627.0961,9104115.637,0,c525198a-ca40-42b6-bdcb-81e8638358a8,,,,0,,,,,
151,1,292530.9699,9104143.201,0,c525198a-ca40-42b6-bdcb-81e8638358a8,,,,0,,,,,
151,1,292558.5337,9104239.327,0,c525198a-ca40-42b6-bdcb-81e8638358a8,,,,1,,,,,
152,1,292654.6598,9104211.763,0,a69ca5da-fe02-4a07-b900-4b81d751bd4f,,,,0,,,,,
152,1,292750.786,9104184.2,0,a69ca5da-fe02-4a07-b900-4b81d751bd4f,,,,0,,,,,
152,1,292723.2223,9104088.073,0,a69ca5da-fe02-4a07-b900-4b81d751bd4f,,,,0,,,,,
152,1,292627.0961,9104115.637,0,a69ca5da-fe02-4a07-b900-4b81d751bd4f,,,,0,,,,,
152,1,292654.6598,9104211.763,0,a69ca5da-fe02-4a07-b900-4b81d751bd4f,,,,1,,,,,
153,1,292750.786,9104184.2,0,52525a05-a58d-426e-bb70-6b073fcc9e1d,,,,0,,,,,
153,1,292846.9122,9104156.636,0,52525a05-a58d-426e-bb70-6b073fcc9e1d,,,,0,,,,,
153,1,292819.3484,9104060.51,0,52525a05-a58d-426e-bb70-6b073fcc9e1d,,,,0,,,,,
153,1,292723.2223,9104088.073,0,52525a05-a58d-426e-bb70-6b073fcc9e1d,,,,0,,,,,
153,1,292750.786,9104184.2,0,52525a05-a58d-426e-bb70-6b073fcc9e1d,,,,1,,,,,
