Well_Name,X-world_coor[m],Y-world_coord[m],Start_Time[day],Stop_Time[day],Rate[m^3/d],Number_of_Screen,Screen_Top1[m],Screen_Bot1[m]
1002-P_99,2.9223796E+05,9.1041228E+06,0.0000000E+00,1.0000000E+00,-2.9000000E+01,1,-6.3983997E+01,-1.9933318E+02
1065-P_99,2.9180529E+05,9.1056151E+06,0.0000000E+00,1.0000000E+00,-3.0000000E+01,1,-4.9784684E+01,-1.8652967E+02
1161-P_99,2.9225397E+05,9.1041502E+06,0.0000000E+00,1.0000000E+00,-2.0000000E+01,1,-6.2895796E+01,-1.9932800E+02
1318-P_99,2.9247439E+05,9.1046895E+06,0.0000000E+00,1.0000000E+00,-1.5000000E+01,1,-7.3694808E+01,-1.9817538E+02
1387-P_99,2.9193745E+05,9.1054862E+06,0.0000000E+00,1.0000000E+00,-3.0000000E+01,1,-4.3173667E+01,-1.8526899E+02
1389-P_99,2.9234425E+05,9.1052195E+06,0.0000000E+00,1.0000000E+00,-3.0000000E+01,1,-4.0695748E+01,-1.8591425E+02
1414-P_99,2.9220023E+05,9.1058251E+06,0.0000000E+00,1.0000000E+00,-5.8800000E+01,1,-3.1023620E+01,-1.8626236E+02
1551-P_00,2.9185495E+05,9.1056754E+06,0.0000000E+00,1.0000000E+00,-3.0000000E+01,1,-4.4275470E+01,-1.8588748E+02
1580-P_00,2.9238358E+05,9.1047263E+06,0.0000000E+00,1.0000000E+00,-4.3000000E+01,1,-6.6979279E+01,-1.9635604E+02
1832-P_00,2.9233392E+05,9.1047374E+06,0.0000000E+00,1.0000000E+00,-5.0000000E+01,1,-6.6979279E+01,-1.9635604E+02
1833-P_00,2.9227772E+05,9.1043101E+06,0.0000000E+00,1.0000000E+00,-5.0000000E+01,1,-6.5215500E+01,-1.9933901E+02
1926-P_01,2.9246298E+05,9.1046397E+06,0.0000000E+00,1.0000000E+00,-5.0000000E+01,1,-7.3185260E+01,-1.9937722E+02
1930-P_01,2.9174973E+05,9.1045934E+06,0.0000000E+00,1.0000000E+00,-3.6000000E+01,1,-4.1347051E+01,-1.9476674E+02
1942-P_01,2.9173661E+05,9.1054414E+06,0.0000000E+00,1.0000000E+00,-5.0000000E+01,1,-5.0739556E+01,-1.8777193E+02
195-P_98,2.9228700E+05,9.1043150E+06,0.0000000E+00,1.0000000E+00,-3.0000000E+01,1,-6.5215500E+01,-1.9933901E+02
2019-P_01,2.9254743E+05,9.1043215E+06,0.0000000E+00,1.0000000E+00,-8.0000000E+01,1,-7.6711685E+01,-1.9939372E+02
2048-P_01,2.9237144E+05,9.1042629E+06,0.0000000E+00,1.0000000E+00,-3.0000000E+01,1,-7.4308586E+01,-1.9938232E+02
216-P_98,2.9245880E+05,9.1048474E+06,0.0000000E+00,1.0000000E+00,-4.0000000E+01,1,-7.2851242E+01,-1.9241657E+02
2353-P_02,2.9240103E+05,9.1047930E+06,0.0000000E+00,1.0000000E+00,-5.0000000E+01,1,-6.6979279E+01,-1.9635604E+02
2356-P_02,2.9232310E+05,9.1043774E+06,0.0000000E+00,1.0000000E+00,-2.4500000E+01,1,-6.8371249E+01,-1.9935401E+02
2423-P_02,2.9222600E+05,9.1054190E+06,0.0000000E+00,1.0000000E+00,-5.0500000E+01,1,-3.7302490E+01,-1.8377903E+02
2498-P_02,2.9235000E+05,9.1040450E+06,0.0000000E+00,1.0000000E+00,-8.0000000E+00,1,-2.6983200E-01,-6.9401912E+01
2592-P_03,2.9231279E+05,9.1046728E+06,0.0000000E+00,1.0000000E+00,-2.7500000E+01,1,-6.8399593E+01,-1.9935435E+02
2618-P_03,2.9234900E+05,9.1042550E+06,0.0000000E+00,1.0000000E+00,-3.0000000E+01,1,-6.5215500E+01,-1.9933901E+02
2697-P_03,2.9246688E+05,9.1044584E+06,0.0000000E+00,1.0000000E+00,-3.0000000E+01,1,-7.3768542E+01,-1.9937970E+02
2699-P_03,2.9247689E+05,9.1045926E+06,0.0000000E+00,1.0000000E+00,-1.2000000E+01,1,-7.5981969E+01,-1.9939035E+02
2765-P_03,2.9244033E+05,9.1049008E+06,0.0000000E+00,1.0000000E+00,-4.3200000E+01,1,-6.9312788E+01,-1.9201522E+02
2766-P_03,2.9247010E+05,9.1050853E+06,0.0000000E+00,1.0000000E+00,-3.5200000E+01,1,-5.0906454E+01,-1.8863254E+02
2768-P_03,2.9253737E+05,9.1051071E+06,0.0000000E+00,1.0000000E+00,-2.8500000E+01,1,-5.3920709E+01,-1.9006961E+02
2774-P_03,2.9249967E+05,9.1046522E+06,0.0000000E+00,1.0000000E+00,-2.0000000E+01,1,-7.5981969E+01,-1.9939035E+02
2775-P_03,2.9236089E+05,9.1048635E+06,0.0000000E+00,1.0000000E+00,-1.8000000E+01,1,-6.7124751E+01,-1.9119305E+02
2779-P_03,2.9256519E+05,9.1050488E+06,0.0000000E+00,1.0000000E+00,-1.5000000E+01,1,-5.8587680E+01,-1.9083368E+02
2780-P_03,2.9256222E+05,9.1050304E+06,0.0000000E+00,1.0000000E+00,-2.0750000E+01,1,-5.8587680E+01,-1.9083368E+02
2794-P_03,2.9244905E+05,9.1044601E+06,0.0000000E+00,1.0000000E+00,-3.9000000E+01,1,-7.3768542E+01,-1.9937970E+02
2795-P_03,2.9236799E+05,9.1044863E+06,0.0000000E+00,1.0000000E+00,-3.3000000E+01,1,-6.9657552E+01,-1.9936021E+02
2896-P_04,2.9232878E+05,9.1052922E+06,0.0000000E+00,1.0000000E+00,-4.0000000E+01,1,-4.0770559E+01,-1.8408433E+02
2925-P_04,2.9223495E+05,9.1040778E+06,0.0000000E+00,1.0000000E+00,-3.0000000E+01,1,2.0221820E+00,-6.2060896E+01
3075-P_04,2.9268000E+05,9.1054850E+06,0.0000000E+00,1.0000000E+00,-4.4000000E+01,1,-4.9690943E+01,-1.8797195E+02
3081-P_04,2.9249233E+05,9.1047799E+06,0.0000000E+00,1.0000000E+00,-5.0000000E+00,1,7.6963110E+00,-7.0866364E+01
3103-P_04,2.9225746E+05,9.1040580E+06,0.0000000E+00,1.0000000E+00,-3.0000000E+01,1,2.0221820E+00,-6.2060896E+01
3189-P_05,2.9262100E+05,9.1051160E+06,0.0000000E+00,1.0000000E+00,-1.1250000E+01,1,-6.1538415E+01,-1.9228164E+02
3395-P_05,2.9219287E+05,9.1041192E+06,0.0000000E+00,1.0000000E+00,-1.0000000E+01,1,5.7388320E+00,-5.7127365E+01
3418-P_05,2.9259100E+05,9.1050240E+06,0.0000000E+00,1.0000000E+00,-1.5000000E+01,1,-6.6323425E+01,-1.9363048E+02
3435-P_05,2.9234508E+05,9.1043104E+06,0.0000000E+00,1.0000000E+00,-1.3500000E+01,1,-6.8371249E+01,-1.9935401E+02
3507-P_06,2.9234455E+05,9.1046220E+06,0.0000000E+00,1.0000000E+00,-1.7000000E+00,1,-6.8399593E+01,-1.9935435E+02
3510-P_06,2.9254993E+05,9.1050395E+06,0.0000000E+00,1.0000000E+00,-6.3000000E+00,1,-5.8587680E+01,-1.9083368E+02
354-P_98,2.9228359E+05,9.1043654E+06,0.0000000E+00,1.0000000E+00,-5.0000000E+01,1,-6.8371249E+01,-1.9935401E+02
3579-P_06,2.9231575E+05,9.1041399E+06,0.0000000E+00,1.0000000E+00,-4.0000000E+01,1,-6.2895796E+01,-1.9932800E+02
3602-P_06,2.9187620E+05,9.1050549E+06,0.0000000E+00,1.0000000E+00,-4.5000000E+01,1,-4.1814356E+01,-1.8864420E+02
3649-P_06,2.9256000E+05,9.1049370E+06,0.0000000E+00,1.0000000E+00,-2.6000000E+01,1,-7.4299066E+01,-1.9494307E+02
3692-P_06,2.9189580E+05,9.1041301E+06,0.0000000E+00,1.0000000E+00,-2.1000000E+01,1,-3.8650259E+01,-1.9921280E+02
3943-P_07,2.9219856E+05,9.1042203E+06,0.0000000E+00,1.0000000E+00,-1.3000000E+01,1,6.7814240E+00,-5.3612371E+01
3959-P_07,2.9216300E+05,9.1048380E+06,0.0000000E+00,1.0000000E+00,-6.0000000E+01,1,-5.2570116E+01,-1.9179239E+02
4010-P_07,2.9238291E+05,9.1040770E+06,0.0000000E+00,1.0000000E+00,-1.0000000E+01,1,-2.6983200E-01,-6.9401912E+01
4091-P_07,2.9254408E+05,9.1051339E+06,0.0000000E+00,1.0000000E+00,-5.0000000E+01,1,-5.3920709E+01,-1.9006961E+02
4092-P_07,2.9256215E+05,9.1051114E+06,0.0000000E+00,1.0000000E+00,-5.0000000E+01,1,-5.3920709E+01,-1.9006961E+02
4093-P_07,2.9258576E+05,9.1051167E+06,0.0000000E+00,1.0000000E+00,-2.0000000E+01,1,-5.3920709E+01,-1.9006961E+02
4152-P_07,2.9217884E+05,9.1046094E+06,0.0000000E+00,1.0000000E+00,-4.0000000E+01,1,-5.8305422E+01,-1.9930586E+02
4187-P_08,2.9260484E+05,9.1054486E+06,0.0000000E+00,1.0000000E+00,-1.5000000E+01,1,4.2188970E+00,-4.5239300E+01
4270-P_08,2.9243444E+05,9.1044602E+06,0.0000000E+00,1.0000000E+00,-3.0000000E+01,1,-7.3768542E+01,-1.9937970E+02
4380-P_08,2.9248261E+05,9.1050300E+06,0.0000000E+00,1.0000000E+00,-4.0000000E+01,1,-5.8587680E+01,-1.9083368E+02
4397-P_08,2.9172981E+05,9.1055857E+06,0.0000000E+00,1.0000000E+00,-1.0000000E+02,1,-5.1282934E+01,-1.8687119E+02
4451-P_09,2.9228274E+05,9.1045498E+06,0.0000000E+00,1.0000000E+00,-3.0000000E+01,1,5.6062370E+00,-6.5537768E+01
4493-P_09,2.9219030E+05,9.1046722E+06,0.0000000E+00,1.0000000E+00,-3.0000000E+01,1,-6.1065378E+01,-1.9867122E+02
4494-P_09,2.9255841E+05,9.1049968E+06,0.0000000E+00,1.0000000E+00,-3.0000000E+01,1,-5.8587680E+01,-1.9083368E+02
4711-P_10,2.9238293E+05,9.1053952E+06,0.0000000E+00,1.0000000E+00,-4.0000000E+01,1,-4.2695693E+01,-1.8466143E+02
4731-P_10,2.9225397E+05,9.1041502E+06,0.0000000E+00,1.0000000E+00,-1.0000000E+01,1,3.5741790E+00,-6.1212442E+01
4795-P_10,2.9217108E+05,9.1055171E+06,0.0000000E+00,1.0000000E+00,-1.0000000E+01,1,6.5774700E+00,-2.7203447E+01
4796-P_10,2.9213438E+05,9.1055077E+06,0.0000000E+00,1.0000000E+00,-1.0000000E+01,1,6.5774700E+00,-2.7203447E+01
4840-P_10,2.9238319E+05,9.1046762E+06,0.0000000E+00,1.0000000E+00,-4.0000000E+01,1,-7.3185260E+01,-1.9937722E+02
486-P_98,2.9245711E+05,9.1045365E+06,0.0000000E+00,1.0000000E+00,-3.0000000E+01,1,-7.4550891E+01,-1.9938351E+02
4910-P_10,2.9172429E+05,9.1056539E+06,0.0000000E+00,1.0000000E+00,-4.0000000E+01,1,-4.9784684E+01,-1.8652967E+02
5062-P_11,2.9164306E+05,9.1056717E+06,0.0000000E+00,1.0000000E+00,-4.0000000E+01,1,-5.1770933E+01,-1.8452221E+02
5083-P_11,2.9154030E+05,9.1055142E+06,0.0000000E+00,1.0000000E+00,-3.0000000E+01,1,-5.1114801E+01,-1.8116184E+02
5097-P_11,2.9189459E+05,9.1056129E+06,0.0000000E+00,1.0000000E+00,-4.0000000E+01,1,-4.4275470E+01,-1.8588748E+02
5138-P_11,2.9160439E+05,9.1057578E+06,0.0000000E+00,1.0000000E+00,-4.0000000E+01,1,-5.3500847E+01,-1.8138506E+02
5152-P_11,2.9222200E+05,9.1053790E+06,0.0000000E+00,1.0000000E+00,-3.0000000E+01,1,-3.7302490E+01,-1.8377903E+02
5314-P_12,2.9186217E+05,9.1055713E+06,0.0000000E+00,1.0000000E+00,-4.0000000E+01,1,-4.8344248E+01,-1.8641066E+02
5316-P_12,2.9213469E+05,9.1047795E+06,0.0000000E+00,1.0000000E+00,-4.0000000E+01,1,-5.2570116E+01,-1.9179239E+02
5462-P_13,2.9172196E+05,9.1055611E+06,0.0000000E+00,1.0000000E+00,-3.0000000E+01,1,-5.1282934E+01,-1.8687119E+02
5594-P_13,2.9163454E+05,9.1055285E+06,0.0000000E+00,1.0000000E+00,-1.2000000E+02,1,-5.1664322E+01,-1.8615134E+02
5768-P_13,2.9162650E+05,9.1056105E+06,0.0000000E+00,1.0000000E+00,-5.0000000E+00,1,-5.2405221E+01,-1.8420254E+02
629-P_99,2.9226118E+05,9.1042579E+06,0.0000000E+00,1.0000000E+00,-3.0000000E+01,1,-6.5215500E+01,-1.9933901E+02
637-P_99,2.9228700E+05,9.1044390E+06,0.0000000E+00,1.0000000E+00,-3.0000000E+01,1,-6.4009555E+01,-1.9933343E+02
707-P_99,2.9267367E+05,9.1054303E+06,0.0000000E+00,1.0000000E+00,-1.0200000E+01,1,-5.0440218E+01,-1.8667082E+02
710-P_99,2.9237445E+05,9.1046415E+06,0.0000000E+00,1.0000000E+00,-4.0000000E+01,1,-7.3185260E+01,-1.9937722E+02
849-P_99,2.9182200E+05,9.1057270E+06,0.0000000E+00,1.0000000E+00,-3.0000000E+01,1,-4.1955914E+01,-1.8623708E+02
HRIII_6712,2.9161700E+05,9.1056060E+06,0.0000000E+00,1.0000000E+00,-4.0000000E+01,1,-5.2405221E+01,-1.8420254E+02
HRIII_6780,2.9175400E+05,9.1057680E+06,0.0000000E+00,1.0000000E+00,-4.0000000E+01,1,-4.1955914E+01,-1.8623708E+02
HRIII_6782,2.9174700E+05,9.1054980E+06,0.0000000E+00,1.0000000E+00,-4.0000000E+01,1,-5.0739556E+01,-1.8777193E+02
HRIII_6789,2.9176100E+05,9.1056040E+06,0.0000000E+00,1.0000000E+00,-4.0000000E+01,1,-5.1282934E+01,-1.8687119E+02
HRIII_6791,2.9176100E+05,9.1056960E+06,0.0000000E+00,1.0000000E+00,-4.0000000E+01,1,-4.9784684E+01,-1.8652967E+02
HRIII_6793,2.9173501E+05,9.1057350E+06,0.0000000E+00,1.0000000E+00,-4.0000000E+01,1,-4.7397943E+01,-1.8608992E+02
HRIII_6800,2.9172100E+05,9.1057460E+06,0.0000000E+00,1.0000000E+00,-4.0000000E+01,1,-4.7397943E+01,-1.8608992E+02
HRIII_6808,2.9179200E+05,9.1055120E+06,0.0000000E+00,1.0000000E+00,-4.0000000E+01,1,-4.8344248E+01,-1.8641066E+02
HRIII_6809,2.9179100E+05,9.1056350E+06,0.0000000E+00,1.0000000E+00,-4.0000000E+01,1,-4.9784684E+01,-1.8652967E+02
HRIII_6823,2.9177100E+05,9.1055810E+06,0.0000000E+00,1.0000000E+00,-4.0000000E+01,1,-5.1282934E+01,-1.8687119E+02
HRIII_6825,2.9176901E+05,9.1055670E+06,0.0000000E+00,1.0000000E+00,-4.0000000E+01,1,-5.1282934E+01,-1.8687119E+02
HRIII_6827,2.9176499E+05,9.1057330E+06,0.0000000E+00,1.0000000E+00,-4.0000000E+01,1,-4.1955914E+01,-1.8623708E+02
HRIII_6829,2.9177600E+05,9.1054900E+06,0.0000000E+00,1.0000000E+00,-4.0000000E+01,1,-4.8793211E+01,-1.8700750E+02
HRIII_6834,2.9166900E+05,9.1055730E+06,0.0000000E+00,1.0000000E+00,-4.0000000E+01,1,-5.2405221E+01,-1.8420254E+02
HRIII_6852,2.9164000E+05,9.1056130E+06,0.0000000E+00,1.0000000E+00,-4.0000000E+01,1,-5.2405221E+01,-1.8420254E+02
HRIII_6853,2.9163700E+05,9.1056030E+06,0.0000000E+00,1.0000000E+00,-4.0000000E+01,1,-5.2405221E+01,-1.8420254E+02
HRIII_6857,2.9171300E+05,9.1057380E+06,0.0000000E+00,1.0000000E+00,-4.0000000E+01,1,-4.7397943E+01,-1.8608992E+02
HRIII_6863,2.9170600E+05,9.1057190E+06,0.0000000E+00,1.0000000E+00,-4.0000000E+01,1,-5.1770933E+01,-1.8452221E+02
HRIII_6866,2.9170201E+05,9.1057400E+06,0.0000000E+00,1.0000000E+00,-4.0000000E+01,1,-4.7397943E+01,-1.8608992E+02
HRIII_7013,2.9146500E+05,9.1057050E+06,0.0000000E+00,1.0000000E+00,-4.0000000E+01,1,-5.3593457E+01,-1.7872535E+02
HRIII_7090,2.9236100E+05,9.1049390E+06,0.0000000E+00,1.0000000E+00,-4.0000000E+01,1,-5.8753152E+01,-1.8957998E+02
HRIII_7093,2.9237900E+05,9.1042860E+06,0.0000000E+00,1.0000000E+00,-4.0000000E+01,1,-7.4308586E+01,-1.9938232E+02
HRIII_7094,2.9237900E+05,9.1043780E+06,0.0000000E+00,1.0000000E+00,-4.0000000E+01,1,-6.8371249E+01,-1.9935401E+02
HRIII_7095,2.9237600E+05,9.1051910E+06,0.0000000E+00,1.0000000E+00,-4.0000000E+01,1,-4.0695748E+01,-1.8591425E+02
HRIII_7097,2.9237400E+05,9.1053610E+06,0.0000000E+00,1.0000000E+00,-4.0000000E+01,1,-4.2695693E+01,-1.8466143E+02
HRIII_7098,2.9236800E+05,9.1049130E+06,0.0000000E+00,1.0000000E+00,-1.0000000E+01,1,9.4167130E+00,-6.4106002E+01
HRIII_7099,2.9236799E+05,9.1042750E+06,0.0000000E+00,1.0000000E+00,-4.0000000E+01,1,-7.4308586E+01,-1.9938232E+02
HRIII_7102,2.9236400E+05,9.1045800E+06,0.0000000E+00,1.0000000E+00,-1.0000000E+01,1,2.4572430E+00,-7.0796690E+01
HRIII_7105,2.9235500E+05,9.1044970E+06,0.0000000E+00,1.0000000E+00,-4.0000000E+01,1,-6.9657552E+01,-1.9936021E+02
HRIII_7108,2.9234900E+05,9.1041930E+06,0.0000000E+00,1.0000000E+00,-4.0000000E+01,1,-6.9971907E+01,-1.9936171E+02
HRIII_7109,2.9234800E+05,9.1044080E+06,0.0000000E+00,1.0000000E+00,-4.0000000E+01,1,-6.9657552E+01,-1.9936021E+02
HRIII_7110,2.9233700E+05,9.1046400E+06,0.0000000E+00,1.0000000E+00,-4.0000000E+01,1,-6.8399593E+01,-1.9935435E+02
HRIII_7112,2.9231999E+05,9.1041010E+06,0.0000000E+00,1.0000000E+00,-4.0000000E+01,1,-6.9971907E+01,-1.9936171E+02
HRIII_7113,2.9231800E+05,9.1044080E+06,0.0000000E+00,1.0000000E+00,-4.0000000E+01,1,-6.8371249E+01,-1.9935401E+02
HRIII_7114,2.9243900E+05,9.1047160E+06,0.0000000E+00,1.0000000E+00,-4.0000000E+01,1,-7.3694808E+01,-1.9817538E+02
HRIII_7116,2.9240700E+05,9.1050230E+06,0.0000000E+00,1.0000000E+00,-4.0000000E+01,1,-5.0906454E+01,-1.8863254E+02
HRIII_7118,2.9243600E+05,9.1048090E+06,0.0000000E+00,1.0000000E+00,-4.0000000E+01,1,-7.2851242E+01,-1.9241657E+02
HRIII_7119,2.9243600E+05,9.1054550E+06,0.0000000E+00,1.0000000E+00,-4.0000000E+01,1,-4.0293440E+01,-1.8439366E+02
HRIII_7120,2.9243600E+05,9.1054540E+06,0.0000000E+00,1.0000000E+00,-4.0000000E+01,1,-4.0293440E+01,-1.8439366E+02
HRIII_7121,2.9243499E+05,9.1055760E+06,0.0000000E+00,1.0000000E+00,-4.0000000E+01,1,-3.8839877E+01,-1.8440829E+02
HRIII_7122,2.9243500E+05,9.1049400E+06,0.0000000E+00,1.0000000E+00,-1.0000000E+01,1,6.7443110E+00,-5.3273547E+01
HRIII_7123,2.9243500E+05,9.1049560E+06,0.0000000E+00,1.0000000E+00,-4.0000000E+01,1,-5.8753152E+01,-1.8957998E+02
HRIII_7124,2.9242700E+05,9.1048210E+06,0.0000000E+00,1.0000000E+00,-4.0000000E+01,1,-7.2851242E+01,-1.9241657E+02
HRIII_7126,2.9241000E+05,9.1042550E+06,0.0000000E+00,1.0000000E+00,-4.0000000E+01,1,-7.4308586E+01,-1.9938232E+02
HRIII_7127,2.9238700E+05,9.1047980E+06,0.0000000E+00,1.0000000E+00,-4.0000000E+01,1,-6.6979279E+01,-1.9635604E+02
HRIII_7128,2.9240900E+05,9.1046550E+06,0.0000000E+00,1.0000000E+00,-4.0000000E+01,1,-7.3185260E+01,-1.9937722E+02
HRIII_7129,2.9231500E+05,9.1043890E+06,0.0000000E+00,1.0000000E+00,-4.0000000E+01,1,-6.8371249E+01,-1.9935401E+02
HRIII_7130,2.9240700E+05,9.1049000E+06,0.0000000E+00,1.0000000E+00,-4.0000000E+01,1,-6.7124751E+01,-1.9119305E+02
HRIII_7132,2.9240500E+05,9.1053920E+06,0.0000000E+00,1.0000000E+00,-4.0000000E+01,1,-4.2695693E+01,-1.8466143E+02
HRIII_7133,2.9240300E+05,9.1047260E+06,0.0000000E+00,1.0000000E+00,-4.0000000E+01,1,-7.3694808E+01,-1.9817538E+02
HRIII_7134,2.9240300E+05,9.1043390E+06,0.0000000E+00,1.0000000E+00,-4.0000000E+01,1,-7.3172724E+01,-1.9937687E+02
HRIII_7136,2.9239900E+05,9.1046130E+06,0.0000000E+00,1.0000000E+00,-4.0000000E+01,1,-7.3185260E+01,-1.9937722E+02
HRIII_7137,2.9239600E+05,9.1047100E+06,0.0000000E+00,1.0000000E+00,-4.0000000E+01,1,-7.3694808E+01,-1.9817538E+02
HRIII_7138,2.9239100E+05,9.1046280E+06,0.0000000E+00,1.0000000E+00,-4.0000000E+01,1,-7.3185260E+01,-1.9937722E+02
HRIII_7141,2.9241001E+05,9.1048040E+06,0.0000000E+00,1.0000000E+00,-4.0000000E+01,1,-7.2851242E+01,-1.9241657E+02
HRIII_7142,2.9220000E+05,9.1055000E+06,0.0000000E+00,1.0000000E+00,-4.0000000E+01,1,-3.6010598E+01,-1.8386091E+02
HRIII_7144,2.9222400E+05,9.1043280E+06,0.0000000E+00,1.0000000E+00,-4.0000000E+01,1,-5.4484494E+01,-1.9928791E+02
HRIII_7146,2.9222300E+05,9.1040280E+06,0.0000000E+00,1.0000000E+00,-4.0000000E+01,1,-6.3983997E+01,-1.9933318E+02
HRIII_7148,2.9222000E+05,9.1043350E+06,0.0000000E+00,1.0000000E+00,-4.0000000E+01,1,-5.4484494E+01,-1.9928791E+02
HRIII_7149,2.9222000E+05,9.1042690E+06,0.0000000E+00,1.0000000E+00,-4.0000000E+01,1,-5.4484494E+01,-1.9928791E+02
HRIII_7150,2.9222000E+05,9.1055750E+06,0.0000000E+00,1.0000000E+00,-4.0000000E+01,1,-3.6010598E+01,-1.8386091E+02
HRIII_7153,2.9222400E+05,9.1047150E+06,0.0000000E+00,1.0000000E+00,-4.0000000E+01,1,-6.1065378E+01,-1.9867122E+02
HRIII_7154,2.9220800E+05,9.1053870E+06,0.0000000E+00,1.0000000E+00,-4.0000000E+01,1,-3.7302490E+01,-1.8377903E+02
HRIII_7155,2.9222600E+05,9.1042850E+06,0.0000000E+00,1.0000000E+00,-4.0000000E+01,1,-5.4484494E+01,-1.9928791E+02
HRIII_7158,2.9219600E+05,9.1042850E+06,0.0000000E+00,1.0000000E+00,-4.0000000E+01,1,-5.4484494E+01,-1.9928791E+02
HRIII_7159,2.9219000E+05,9.1043200E+06,0.0000000E+00,1.0000000E+00,-4.0000000E+01,1,-5.4484494E+01,-1.9928791E+02
HRIII_7160,2.9218400E+05,9.1040790E+06,0.0000000E+00,1.0000000E+00,-4.0000000E+01,1,-5.7146836E+01,-1.9930059E+02
HRIII_7163,2.9217700E+05,9.1041420E+06,0.0000000E+00,1.0000000E+00,-4.0000000E+01,1,-5.3631229E+01,-1.9928387E+02
HRIII_7164,2.9216900E+05,9.1053730E+06,0.0000000E+00,1.0000000E+00,-4.0000000E+01,1,-3.9175410E+01,-1.8380464E+02
HRIII_7167,2.9221900E+05,9.1041950E+06,0.0000000E+00,1.0000000E+00,-1.0000000E+01,1,6.7814240E+00,-5.3612371E+01
HRIII_7168,2.9225700E+05,9.1043160E+06,0.0000000E+00,1.0000000E+00,-4.0000000E+01,1,-5.4484494E+01,-1.9928791E+02
HRIII_7171,2.9229400E+05,9.1041790E+06,0.0000000E+00,1.0000000E+00,-4.0000000E+01,1,-6.2895796E+01,-1.9932800E+02
HRIII_7173,2.9229100E+05,9.1044130E+06,0.0000000E+00,1.0000000E+00,-4.0000000E+01,1,-5.8741847E+01,-1.9930820E+02
HRIII_7174,2.9228700E+05,9.1044700E+06,0.0000000E+00,1.0000000E+00,-4.0000000E+01,1,-6.4009555E+01,-1.9933343E+02
HRIII_7175,2.9228200E+05,9.1051810E+06,0.0000000E+00,1.0000000E+00,-4.0000000E+01,1,-3.8587481E+01,-1.8475182E+02
HRIII_7178,2.9226000E+05,9.1055500E+06,0.0000000E+00,1.0000000E+00,-4.0000000E+01,1,-3.6010598E+01,-1.8386091E+02
HRIII_7179,2.9222400E+05,9.1046540E+06,0.0000000E+00,1.0000000E+00,-4.0000000E+01,1,-6.1065378E+01,-1.9867122E+02
HRIII_7180,2.9225700E+05,9.1042850E+06,0.0000000E+00,1.0000000E+00,-4.0000000E+01,1,-5.4484494E+01,-1.9928791E+02
HRIII_7181,2.9243899E+05,9.1048390E+06,0.0000000E+00,1.0000000E+00,-4.0000000E+01,1,-7.2851242E+01,-1.9241657E+02
HRIII_7183,2.9225600E+05,9.1044900E+06,0.0000000E+00,1.0000000E+00,-1.0000000E+01,1,4.1001790E+00,-6.2358089E+01
HRIII_7188,2.9224300E+05,9.1040920E+06,0.0000000E+00,1.0000000E+00,-4.0000000E+01,1,-6.3983997E+01,-1.9933318E+02
HRIII_7189,2.9224199E+05,9.1051780E+06,0.0000000E+00,1.0000000E+00,-1.0000000E+01,1,7.7470630E+00,-2.8550510E+01
HRIII_7208,2.9265100E+05,9.1051780E+06,0.0000000E+00,1.0000000E+00,-4.0000000E+01,1,-5.6455739E+01,-1.9043314E+02
HRIII_7209,2.9265100E+05,9.1052090E+06,0.0000000E+00,1.0000000E+00,-4.0000000E+01,1,-5.6455739E+01,-1.9043314E+02
HRIII_7210,2.9265100E+05,9.1051470E+06,0.0000000E+00,1.0000000E+00,-4.0000000E+01,1,-6.1538415E+01,-1.9228164E+02
HRIII_7211,2.9265100E+05,9.1051460E+06,0.0000000E+00,1.0000000E+00,-4.0000000E+01,1,-6.1538415E+01,-1.9228164E+02
HRIII_7212,2.9264999E+05,9.1051470E+06,0.0000000E+00,1.0000000E+00,-4.0000000E+01,1,-6.1538415E+01,-1.9228164E+02
HRIII_7218,2.9243800E+05,9.1049000E+06,0.0000000E+00,1.0000000E+00,-4.0000000E+01,1,-6.9312788E+01,-1.9201522E+02
HRIII_7233,2.9262200E+05,9.1050240E+06,0.0000000E+00,1.0000000E+00,-4.0000000E+01,1,-6.6323425E+01,-1.9363048E+02
HRIII_7249,2.9250100E+05,9.1045010E+06,0.0000000E+00,1.0000000E+00,-4.0000000E+01,1,-7.4550891E+01,-1.9938351E+02
HRIII_7251,2.9250000E+05,9.1047990E+06,0.0000000E+00,1.0000000E+00,-4.0000000E+01,1,-7.2851242E+01,-1.9241657E+02
HRIII_7252,2.9249999E+05,9.1047160E+06,0.0000000E+00,1.0000000E+00,-4.0000000E+01,1,-7.6282129E+01,-1.9912469E+02
HRIII_7253,2.9250000E+05,9.1046860E+06,0.0000000E+00,1.0000000E+00,-4.0000000E+01,1,-7.6282129E+01,-1.9912469E+02
HRIII_7254,2.9249900E+05,9.1049620E+06,0.0000000E+00,1.0000000E+00,-4.0000000E+01,1,-6.9312788E+01,-1.9201522E+02
HRIII_7255,2.9249900E+05,9.1049310E+06,0.0000000E+00,1.0000000E+00,-4.0000000E+01,1,-6.9312788E+01,-1.9201522E+02
HRIII_7258,2.9249600E+05,9.1051190E+06,0.0000000E+00,1.0000000E+00,-4.0000000E+01,1,-4.5290497E+01,-1.8737992E+02
HRIII_7260,2.9246800E+05,9.1050110E+06,0.0000000E+00,1.0000000E+00,-4.0000000E+01,1,-5.8587680E+01,-1.9083368E+02
HRIII_7261,2.9246800E+05,9.1049620E+06,0.0000000E+00,1.0000000E+00,-4.0000000E+01,1,-6.9312788E+01,-1.9201522E+02
HRIII_7263,2.9246300E+05,9.1050170E+06,0.0000000E+00,1.0000000E+00,-4.0000000E+01,1,-5.0906454E+01,-1.8863254E+02
HRIII_7264,2.9246000E+05,9.1046210E+06,0.0000000E+00,1.0000000E+00,-4.0000000E+01,1,-7.5981969E+01,-1.9939035E+02
HRIII_7265,2.9245900E+05,9.1046200E+06,0.0000000E+00,1.0000000E+00,-1.0000000E+01,1,2.9605990E+00,-7.1715138E+01
HRIII_7268,2.9244200E+05,9.1041320E+06,0.0000000E+00,1.0000000E+00,-4.0000000E+01,1,-7.6245559E+01,-1.9939159E+02
HRIII_7270,2.9243900E+05,9.1047470E+06,0.0000000E+00,1.0000000E+00,-4.0000000E+01,1,-7.3694808E+01,-1.9817538E+02
HRIII_7273,2.9262100E+05,9.1051780E+06,0.0000000E+00,1.0000000E+00,-1.0000000E+01,1,1.6059120E+00,-5.1319988E+01
HRIII_7274,2.9262100E+05,9.1051470E+06,0.0000000E+00,1.0000000E+00,-4.0000000E+01,1,-6.1538415E+01,-1.9228164E+02
HRIII_7282,2.9259100E+05,9.1050860E+06,0.0000000E+00,1.0000000E+00,-4.0000000E+01,1,-5.3920709E+01,-1.9006961E+02
HRIII_7285,2.9214200E+05,9.1041040E+06,0.0000000E+00,1.0000000E+00,-4.0000000E+01,1,-5.7146836E+01,-1.9930059E+02
HRIII_7287,2.9257300E+05,9.1054590E+06,0.0000000E+00,1.0000000E+00,-1.0000000E+01,1,5.8165320E+00,-3.9790990E+01
HRIII_7288,2.9256000E+05,9.1051470E+06,0.0000000E+00,1.0000000E+00,-4.0000000E+01,1,-5.3920709E+01,-1.9006961E+02
HRIII_7289,2.9255800E+05,9.1054230E+06,0.0000000E+00,1.0000000E+00,-4.0000000E+01,1,-4.5787750E+01,-1.8554451E+02
HRIII_7290,2.9255300E+05,9.1048810E+06,0.0000000E+00,1.0000000E+00,-1.0000000E+01,1,1.3333730E+00,-7.2426967E+01
HRIII_7291,2.9254600E+05,9.1050250E+06,0.0000000E+00,1.0000000E+00,-4.0000000E+01,1,-5.8587680E+01,-1.9083368E+02
HRIII_7292,2.9253300E+05,9.1045020E+06,0.0000000E+00,1.0000000E+00,-4.0000000E+01,1,-7.6660189E+01,-1.9939345E+02
HRIII_7293,2.9253200E+05,9.1045010E+06,0.0000000E+00,1.0000000E+00,-4.0000000E+01,1,-7.6660189E+01,-1.9939345E+02
HRIII_7294,2.9253100E+05,9.1046860E+06,0.0000000E+00,1.0000000E+00,-4.0000000E+01,1,-7.6282129E+01,-1.9912469E+02
HRIII_7295,2.9252900E+05,9.1050850E+06,0.0000000E+00,1.0000000E+00,-4.0000000E+01,1,-5.3920709E+01,-1.9006961E+02
HRIII_7296,2.9252700E+05,9.1055460E+06,0.0000000E+00,1.0000000E+00,-4.0000000E+01,1,-4.2539785E+01,-1.8536777E+02
HRIII_7297,2.9259000E+05,9.1051780E+06,0.0000000E+00,1.0000000E+00,-4.0000000E+01,1,-5.1008535E+01,-1.8795597E+02
HRIII_7305,2.9191900E+05,9.1053270E+06,0.0000000E+00,1.0000000E+00,-4.0000000E+01,1,-4.5923909E+01,-1.8688331E+02
HRIII_7307,2.9191700E+05,9.1051130E+06,0.0000000E+00,1.0000000E+00,-4.0000000E+01,1,-4.2223433E+01,-1.8749907E+02
HRIII_7322,2.9216600E+05,9.1041940E+06,0.0000000E+00,1.0000000E+00,-4.0000000E+01,1,-5.3631229E+01,-1.9928387E+02
HRIII_7323,2.9191401E+05,9.1056970E+06,0.0000000E+00,1.0000000E+00,-4.0000000E+01,1,-3.8413073E+01,-1.8570570E+02
HRIII_7324,2.9194700E+05,9.1055930E+06,0.0000000E+00,1.0000000E+00,-4.0000000E+01,1,-3.9002835E+01,-1.8506057E+02
HRIII_7329,2.9195200E+05,9.1041920E+06,0.0000000E+00,1.0000000E+00,-4.0000000E+01,1,-4.2490648E+01,-1.9923080E+02
HRIII_7339,2.9194600E+05,9.1055930E+06,0.0000000E+00,1.0000000E+00,-1.0000000E+01,1,7.0477450E+00,-3.1637119E+01
HRIII_7340,2.9194100E+05,9.1055000E+06,0.0000000E+00,1.0000000E+00,-4.0000000E+01,1,-4.3173667E+01,-1.8526899E+02
HRIII_7341,2.9193900E+05,9.1056570E+06,0.0000000E+00,1.0000000E+00,-4.0000000E+01,1,-3.9002835E+01,-1.8506057E+02
HRIII_7343,2.9193399E+05,9.1055260E+06,0.0000000E+00,1.0000000E+00,-4.0000000E+01,1,-4.3173667E+01,-1.8526899E+02
HRIII_7345,2.9193100E+05,9.1056490E+06,0.0000000E+00,1.0000000E+00,-4.0000000E+01,1,-3.9002835E+01,-1.8506057E+02
HRIII_7349,2.9194800E+05,9.1055930E+06,0.0000000E+00,1.0000000E+00,-4.0000000E+01,1,-3.9002835E+01,-1.8506057E+02
HRIII_7357,2.9182400E+05,9.1056870E+06,0.0000000E+00,1.0000000E+00,-4.0000000E+01,1,-4.9784684E+01,-1.8652967E+02
HRIII_7358,2.9182100E+05,9.1055040E+06,0.0000000E+00,1.0000000E+00,-4.0000000E+01,1,-4.8344248E+01,-1.8641066E+02
HRIII_7362,2.9181500E+05,9.1054910E+06,0.0000000E+00,1.0000000E+00,-4.0000000E+01,1,-4.8793211E+01,-1.8700750E+02
HRIII_7371,2.9180000E+05,9.1044000E+06,0.0000000E+00,1.0000000E+00,-4.0000000E+01,1,-3.9407585E+01,-1.9921592E+02
HRIII_7374,2.9179600E+05,9.1046520E+06,0.0000000E+00,1.0000000E+00,-4.0000000E+01,1,-4.1347051E+01,-1.9476674E+02
HRIII_7377,2.9188400E+05,9.1054820E+06,0.0000000E+00,1.0000000E+00,-4.0000000E+01,1,-4.3173667E+01,-1.8526899E+02
HRIII_7382,2.9187300E+05,9.1056580E+06,0.0000000E+00,1.0000000E+00,-4.0000000E+01,1,-4.4275470E+01,-1.8588748E+02
HRIII_7396,2.9184500E+05,9.1044060E+06,0.0000000E+00,1.0000000E+00,-1.0000000E+01,1,6.9251420E+00,-3.4034385E+01
HRIII_7405,2.9210500E+05,9.1054890E+06,0.0000000E+00,1.0000000E+00,-4.0000000E+01,1,-3.7333829E+01,-1.8386823E+02
HRIII_7408,2.9207800E+05,9.1054400E+06,0.0000000E+00,1.0000000E+00,-4.0000000E+01,1,-3.7333829E+01,-1.8386823E+02
HRIII_7427,2.9207000E+05,9.1055030E+06,0.0000000E+00,1.0000000E+00,-4.0000000E+01,1,-3.9087217E+01,-1.8437083E+02
HRIII_7430,2.9214100E+05,9.1042500E+06,0.0000000E+00,1.0000000E+00,-4.0000000E+01,1,-4.7079631E+01,-1.9925269E+02
HRIII_7436,2.9213600E+05,9.1040690E+06,0.0000000E+00,1.0000000E+00,-4.0000000E+01,1,-5.7146836E+01,-1.9930059E+02
HRIII_7437,2.9213400E+05,9.1045300E+06,0.0000000E+00,1.0000000E+00,-4.0000000E+01,1,-5.6585669E+01,-1.9929785E+02
HRIII_7445,2.9212300E+05,9.1041220E+06,0.0000000E+00,1.0000000E+00,-4.0000000E+01,1,-5.7146836E+01,-1.9930059E+02
HRIII_7446,2.9212200E+05,9.1041990E+06,0.0000000E+00,1.0000000E+00,-4.0000000E+01,1,-4.7079631E+01,-1.9925269E+02
HRIII_7447,2.9211900E+05,9.1041180E+06,0.0000000E+00,1.0000000E+00,-4.0000000E+01,1,-5.7146836E+01,-1.9930059E+02
HRIII_7449,2.9211700E+05,9.1055280E+06,0.0000000E+00,1.0000000E+00,-1.0000000E+01,1,6.5774700E+00,-2.7203447E+01
HRIII_7450,2.9211500E+05,9.1055030E+06,0.0000000E+00,1.0000000E+00,-4.0000000E+01,1,-3.7333829E+01,-1.8386823E+02
HRIII_7457,2.9199900E+05,9.1056250E+06,0.0000000E+00,1.0000000E+00,-4.0000000E+01,1,-3.9002835E+01,-1.8506057E+02
HRIII_7459,2.9199400E+05,9.1058420E+06,0.0000000E+00,1.0000000E+00,-4.0000000E+01,1,-3.2978134E+01,-1.8520838E+02
HRIII_7461,2.9198800E+05,9.1055870E+06,0.0000000E+00,1.0000000E+00,-4.0000000E+01,1,-3.9002835E+01,-1.8506057E+02
HRIII_7470,2.9197200E+05,9.1056760E+06,0.0000000E+00,1.0000000E+00,-4.0000000E+01,1,-3.5267092E+01,-1.8504620E+02
HRIII_7478,2.9216600E+05,9.1053800E+06,0.0000000E+00,1.0000000E+00,-4.0000000E+01,1,-3.9175410E+01,-1.8380464E+02
HRIII_7485,2.9203300E+05,9.1055100E+06,0.0000000E+00,1.0000000E+00,-4.0000000E+01,1,-3.9087217E+01,-1.8437083E+02
HRIII_7487,2.9202999E+05,9.1044760E+06,0.0000000E+00,1.0000000E+00,-4.0000000E+01,1,-4.2658105E+01,-1.9923116E+02
HRIII_7499,2.9201300E+05,9.1042230E+06,0.0000000E+00,1.0000000E+00,-4.0000000E+01,1,-4.0524669E+01,-1.9922154E+02
HRIII_7502,2.9200100E+05,9.1057860E+06,0.0000000E+00,1.0000000E+00,-1.0000000E+01,1,7.5771130E+00,-3.2946978E+01
VAZAR1006,2.9141243E+05,9.1051401E+06,0.0000000E+00,1.0000000E+00,-3.8223800E-01,1,6.1089680E+00,-3.1335711E+01
VAZAR1007,2.9150856E+05,9.1051126E+06,0.0000000E+00,1.0000000E+00,-6.0470090E+00,1,5.9377510E+00,-3.5242942E+01
VAZAR1008,2.9160468E+05,9.1050850E+06,0.0000000E+00,1.0000000E+00,-1.4641630E+00,1,5.8914130E+00,-3.8499413E+01
VAZAR1009,2.9170081E+05,9.1050574E+06,0.0000000E+00,1.0000000E+00,-9.5594100E-01,1,6.4389440E+00,-3.9406711E+01
VAZAR1010,2.9179694E+05,9.1050299E+06,0.0000000E+00,1.0000000E+00,-6.5676940E+00,1,6.6499970E+00,-3.8450555E+01
VAZAR1011,2.9189306E+05,9.1050023E+06,0.0000000E+00,1.0000000E+00,-7.2797590E+00,1,6.5431970E+00,-3.5709465E+01
VAZAR1012,2.9198919E+05,9.1049747E+06,0.0000000E+00,1.0000000E+00,-7.2797590E+00,1,6.9454010E+00,-3.5773098E+01
VAZAR1013,2.9208531E+05,9.1049472E+06,0.0000000E+00,1.0000000E+00,-7.2797590E+00,1,7.2149760E+00,-3.5116298E+01
VAZAR1014,2.9218144E+05,9.1049196E+06,0.0000000E+00,1.0000000E+00,-7.2797590E+00,1,8.7650840E+00,-4.3182647E+01
VAZAR1015,2.9227757E+05,9.1048921E+06,0.0000000E+00,1.0000000E+00,-7.2797590E+00,1,9.5131070E+00,-5.1904473E+01
VAZAR1016,2.9237369E+05,9.1048645E+06,0.0000000E+00,1.0000000E+00,-7.2797590E+00,1,9.4167130E+00,-6.4106002E+01
VAZAR1017,2.9246982E+05,9.1048369E+06,0.0000000E+00,1.0000000E+00,-7.2797590E+00,1,7.6963110E+00,-7.0866364E+01
VAZAR1018,2.9256594E+05,9.1048094E+06,0.0000000E+00,1.0000000E+00,-7.2797590E+00,1,2.5107480E+00,-7.5200936E+01
VAZAR1019,2.9266207E+05,9.1047818E+06,0.0000000E+00,1.0000000E+00,-5.2322200E+00,1,-1.2817800E+00,-7.5282062E+01
VAZAR1079,2.9128874E+05,9.1050716E+06,0.0000000E+00,1.0000000E+00,-6.2888000E-02,1,5.1062410E+00,-2.5069784E+01
VAZAR1080,2.9138487E+05,9.1050440E+06,0.0000000E+00,1.0000000E+00,-4.2204950E+00,1,5.2424360E+00,-2.8609737E+01
VAZAR1081,2.9148099E+05,9.1050164E+06,0.0000000E+00,1.0000000E+00,-7.2797590E+00,1,5.3865250E+00,-3.2053795E+01
VAZAR1082,2.9157712E+05,9.1049889E+06,0.0000000E+00,1.0000000E+00,-6.4441500E+00,1,5.7987360E+00,-3.5267353E+01
VAZAR1083,2.9167325E+05,9.1049613E+06,0.0000000E+00,1.0000000E+00,-7.7030300E-01,1,5.9731280E+00,-3.7699806E+01
VAZAR1084,2.9176937E+05,9.1049338E+06,0.0000000E+00,1.0000000E+00,-2.0017360E+00,1,6.0910300E+00,-3.8169401E+01
VAZAR1085,2.9186550E+05,9.1049062E+06,0.0000000E+00,1.0000000E+00,-7.2685390E+00,1,5.9045850E+00,-3.6001196E+01
VAZAR1086,2.9196162E+05,9.1048786E+06,0.0000000E+00,1.0000000E+00,-7.2797590E+00,1,6.5485330E+00,-3.5276938E+01
VAZAR1087,2.9205775E+05,9.1048511E+06,0.0000000E+00,1.0000000E+00,-7.2797590E+00,1,7.5340070E+00,-3.8223955E+01
VAZAR1088,2.9215388E+05,9.1048235E+06,0.0000000E+00,1.0000000E+00,-7.2797590E+00,1,8.4720680E+00,-4.8028066E+01
VAZAR1089,2.9225000E+05,9.1047959E+06,0.0000000E+00,1.0000000E+00,-7.2797590E+00,1,8.4807490E+00,-5.6923614E+01
VAZAR1090,2.9234613E+05,9.1047684E+06,0.0000000E+00,1.0000000E+00,-7.2797590E+00,1,6.6192040E+00,-6.4477758E+01
VAZAR1091,2.9244226E+05,9.1047408E+06,0.0000000E+00,1.0000000E+00,-7.2797590E+00,1,4.5506990E+00,-7.2070649E+01
VAZAR1092,2.9253838E+05,9.1047132E+06,0.0000000E+00,1.0000000E+00,-7.2088500E+00,1,1.7551260E+00,-7.4877999E+01
VAZAR1093,2.9263451E+05,9.1046857E+06,0.0000000E+00,1.0000000E+00,-1.3478620E+00,1,-1.1517860E+00,-7.5449869E+01
VAZAR1153,2.9126118E+05,9.1049754E+06,0.0000000E+00,1.0000000E+00,-1.9621980E+00,1,3.8565310E+00,-2.3823657E+01
VAZAR1154,2.9135730E+05,9.1049479E+06,0.0000000E+00,1.0000000E+00,-7.2797590E+00,1,4.1171460E+00,-2.7510690E+01
VAZAR1155,2.9145343E+05,9.1049203E+06,0.0000000E+00,1.0000000E+00,-7.2797590E+00,1,4.4473120E+00,-2.9261137E+01
VAZAR1156,2.9154956E+05,9.1048928E+06,0.0000000E+00,1.0000000E+00,-7.2797590E+00,1,4.8956230E+00,-3.1325173E+01
VAZAR1157,2.9164568E+05,9.1048652E+06,0.0000000E+00,1.0000000E+00,-6.2698990E+00,1,5.2206170E+00,-3.5400370E+01
VAZAR1158,2.9174181E+05,9.1048376E+06,0.0000000E+00,1.0000000E+00,-1.3585740E+00,1,5.4606080E+00,-3.6731043E+01
VAZAR1159,2.9183793E+05,9.1048101E+06,0.0000000E+00,1.0000000E+00,-2.9004900E+00,1,5.8725850E+00,-3.6497330E+01
VAZAR1160,2.9193406E+05,9.1047825E+06,0.0000000E+00,1.0000000E+00,-6.9692090E+00,1,6.9218430E+00,-3.4391216E+01
VAZAR1161,2.9203019E+05,9.1047549E+06,0.0000000E+00,1.0000000E+00,-7.2797590E+00,1,7.4546260E+00,-3.9880281E+01
VAZAR1162,2.9212631E+05,9.1047274E+06,0.0000000E+00,1.0000000E+00,-7.2797590E+00,1,7.8373950E+00,-4.7353519E+01
VAZAR1163,2.9222244E+05,9.1046998E+06,0.0000000E+00,1.0000000E+00,-7.2797590E+00,1,6.2332060E+00,-5.8261649E+01
VAZAR1164,2.9231857E+05,9.1046722E+06,0.0000000E+00,1.0000000E+00,-7.2797590E+00,1,5.3701890E+00,-6.6554668E+01
VAZAR1165,2.9241469E+05,9.1046447E+06,0.0000000E+00,1.0000000E+00,-7.2797590E+00,1,2.9605990E+00,-7.1715138E+01
VAZAR1166,2.9251082E+05,9.1046171E+06,0.0000000E+00,1.0000000E+00,-7.2797590E+00,1,2.6085900E-01,-7.4575636E+01
VAZAR1167,2.9260694E+05,9.1045896E+06,0.0000000E+00,1.0000000E+00,-1.9023360E+00,1,-1.0682000E+00,-7.5452221E+01
VAZAR1227,2.9123361E+05,9.1048793E+06,0.0000000E+00,1.0000000E+00,-1.4523500E-01,1,3.6328950E+00,-2.1471856E+01
VAZAR1228,2.9132974E+05,9.1048518E+06,0.0000000E+00,1.0000000E+00,-5.6879290E+00,1,3.1770540E+00,-2.3366200E+01
VAZAR1229,2.9142587E+05,9.1048242E+06,0.0000000E+00,1.0000000E+00,-7.2797590E+00,1,4.5749220E+00,-2.6819000E+01
VAZAR1230,2.9152199E+05,9.1047966E+06,0.0000000E+00,1.0000000E+00,-7.2797590E+00,1,5.4246710E+00,-2.9463453E+01
VAZAR1231,2.9161812E+05,9.1047691E+06,0.0000000E+00,1.0000000E+00,-7.2797590E+00,1,5.4705670E+00,-3.1649302E+01
VAZAR1232,2.9171424E+05,9.1047415E+06,0.0000000E+00,1.0000000E+00,-7.0586050E+00,1,5.7925860E+00,-3.5614313E+01
VAZAR1233,2.9181037E+05,9.1047139E+06,0.0000000E+00,1.0000000E+00,-3.1309130E+00,1,6.2401670E+00,-3.5998584E+01
VAZAR1234,2.9190650E+05,9.1046864E+06,0.0000000E+00,1.0000000E+00,-4.9063400E-01,1,6.6305700E+00,-3.5256464E+01
VAZAR1235,2.9200262E+05,9.1046588E+06,0.0000000E+00,1.0000000E+00,-6.6480510E+00,1,7.4396660E+00,-3.6770615E+01
VAZAR1236,2.9209875E+05,9.1046312E+06,0.0000000E+00,1.0000000E+00,-7.2797590E+00,1,8.0856310E+00,-4.8114498E+01
VAZAR1237,2.9219488E+05,9.1046037E+06,0.0000000E+00,1.0000000E+00,-7.2797590E+00,1,8.4520670E+00,-5.5859149E+01
VAZAR1238,2.9229100E+05,9.1045761E+06,0.0000000E+00,1.0000000E+00,-7.2797590E+00,1,5.6062370E+00,-6.5537768E+01
VAZAR1239,2.9238713E+05,9.1045486E+06,0.0000000E+00,1.0000000E+00,-7.2797590E+00,1,2.4572430E+00,-7.0796690E+01
VAZAR1240,2.9248325E+05,9.1045210E+06,0.0000000E+00,1.0000000E+00,-7.2797590E+00,1,2.3491000E-01,-7.3114317E+01
VAZAR1241,2.9257938E+05,9.1044934E+06,0.0000000E+00,1.0000000E+00,-3.9897690E+00,1,-1.1909410E+00,-7.5268855E+01
VAZAR1302,2.9130218E+05,9.1047556E+06,0.0000000E+00,1.0000000E+00,-4.0252300E-01,1,5.6481920E+00,-2.1100213E+01
VAZAR1303,2.9139830E+05,9.1047281E+06,0.0000000E+00,1.0000000E+00,-5.6695820E+00,1,5.3712170E+00,-2.3341583E+01
VAZAR1304,2.9149443E+05,9.1047005E+06,0.0000000E+00,1.0000000E+00,-7.2797590E+00,1,5.1821530E+00,-2.6490402E+01
VAZAR1305,2.9159055E+05,9.1046729E+06,0.0000000E+00,1.0000000E+00,-7.2797590E+00,1,5.1941010E+00,-3.0462119E+01
VAZAR1306,2.9168668E+05,9.1046454E+06,0.0000000E+00,1.0000000E+00,-7.2797590E+00,1,5.5269300E+00,-3.3056415E+01
VAZAR1307,2.9178281E+05,9.1046178E+06,0.0000000E+00,1.0000000E+00,-7.2797590E+00,1,6.0849050E+00,-3.4954622E+01
VAZAR1308,2.9187893E+05,9.1045902E+06,0.0000000E+00,1.0000000E+00,-6.0585630E+00,1,6.3204510E+00,-3.4386900E+01
VAZAR1309,2.9197506E+05,9.1045627E+06,0.0000000E+00,1.0000000E+00,-7.2797590E+00,1,6.6621010E+00,-3.4797904E+01
VAZAR1310,2.9207119E+05,9.1045351E+06,0.0000000E+00,1.0000000E+00,-7.2797590E+00,1,7.1928790E+00,-4.3393495E+01
VAZAR1311,2.9216731E+05,9.1045076E+06,0.0000000E+00,1.0000000E+00,-7.2797590E+00,1,5.7859390E+00,-5.4451580E+01
VAZAR1312,2.9226344E+05,9.1044800E+06,0.0000000E+00,1.0000000E+00,-7.2797590E+00,1,4.1001790E+00,-6.2358089E+01
VAZAR1313,2.9235956E+05,9.1044524E+06,0.0000000E+00,1.0000000E+00,-7.2797590E+00,1,1.7149090E+00,-6.8120553E+01
VAZAR1314,2.9245569E+05,9.1044249E+06,0.0000000E+00,1.0000000E+00,-7.2797590E+00,1,-2.7425400E-01,-7.2316213E+01
VAZAR1315,2.9255182E+05,9.1043973E+06,0.0000000E+00,1.0000000E+00,-5.2408980E+00,1,-1.1628370E+00,-7.4617294E+01
VAZAR1377,2.9137074E+05,9.1046319E+06,0.0000000E+00,1.0000000E+00,-4.2346000E-02,1,6.0079840E+00,-2.0170174E+01
VAZAR1378,2.9146686E+05,9.1046044E+06,0.0000000E+00,1.0000000E+00,-2.8649790E+00,1,6.0055240E+00,-2.2827469E+01
VAZAR1379,2.9156299E+05,9.1045768E+06,0.0000000E+00,1.0000000E+00,-5.0642920E+00,1,6.1881790E+00,-2.6918433E+01
VAZAR1380,2.9165912E+05,9.1045492E+06,0.0000000E+00,1.0000000E+00,-6.4832300E+00,1,6.0152460E+00,-3.0700934E+01
VAZAR1381,2.9175524E+05,9.1045217E+06,0.0000000E+00,1.0000000E+00,-7.2797590E+00,1,6.3139230E+00,-3.3074691E+01
VAZAR1382,2.9185137E+05,9.1044941E+06,0.0000000E+00,1.0000000E+00,-7.2797590E+00,1,6.2761560E+00,-3.3701273E+01
VAZAR1383,2.9194750E+05,9.1044666E+06,0.0000000E+00,1.0000000E+00,-7.2797590E+00,1,6.4519820E+00,-3.5469232E+01
VAZAR1384,2.9204362E+05,9.1044390E+06,0.0000000E+00,1.0000000E+00,-7.2797590E+00,1,7.0399720E+00,-3.9539273E+01
VAZAR1385,2.9213975E+05,9.1044114E+06,0.0000000E+00,1.0000000E+00,-7.2797590E+00,1,7.2574710E+00,-4.9634399E+01
VAZAR1386,2.9223587E+05,9.1043839E+06,0.0000000E+00,1.0000000E+00,-7.2797590E+00,1,5.2365780E+00,-5.8724982E+01
VAZAR1387,2.9233200E+05,9.1043563E+06,0.0000000E+00,1.0000000E+00,-7.2797590E+00,1,1.6541460E+00,-6.6806724E+01
VAZAR1388,2.9242813E+05,9.1043287E+06,0.0000000E+00,1.0000000E+00,-7.2797590E+00,1,1.6412900E-01,-7.1703058E+01
VAZAR1389,2.9252425E+05,9.1043012E+06,0.0000000E+00,1.0000000E+00,-5.0924980E+00,1,-1.2247410E+00,-7.5313920E+01
VAZAR1449,2.9115092E+05,9.1045909E+06,0.0000000E+00,1.0000000E+00,-4.7746000E-02,1,7.3642460E+00,-1.8641048E+01
VAZAR1450,2.9124705E+05,9.1045634E+06,0.0000000E+00,1.0000000E+00,-1.4288950E+00,1,7.4882790E+00,-1.8076949E+01
VAZAR1453,2.9153543E+05,9.1044807E+06,0.0000000E+00,1.0000000E+00,-2.0914900E-01,1,6.3782470E+00,-2.3950569E+01
VAZAR1454,2.9163155E+05,9.1044531E+06,0.0000000E+00,1.0000000E+00,-2.6235600E-01,1,6.3814510E+00,-2.7241949E+01
VAZAR1455,2.9172768E+05,9.1044256E+06,0.0000000E+00,1.0000000E+00,-6.3794600E+00,1,6.5135170E+00,-3.0868811E+01
VAZAR1456,2.9182381E+05,9.1043980E+06,0.0000000E+00,1.0000000E+00,-7.2797590E+00,1,6.9251420E+00,-3.4034385E+01
VAZAR1457,2.9191993E+05,9.1043704E+06,0.0000000E+00,1.0000000E+00,-7.2797590E+00,1,6.8302080E+00,-3.4402276E+01
VAZAR1458,2.9201606E+05,9.1043429E+06,0.0000000E+00,1.0000000E+00,-7.2797590E+00,1,7.0159900E+00,-4.1989517E+01
VAZAR1459,2.9211218E+05,9.1043153E+06,0.0000000E+00,1.0000000E+00,-7.2797590E+00,1,6.5586650E+00,-4.6633579E+01
VAZAR1460,2.9220831E+05,9.1042877E+06,0.0000000E+00,1.0000000E+00,-7.2797590E+00,1,5.4976450E+00,-5.4466262E+01
VAZAR1461,2.9230444E+05,9.1042602E+06,0.0000000E+00,1.0000000E+00,-7.2797590E+00,1,2.7311780E+00,-6.3583989E+01
VAZAR1462,2.9240056E+05,9.1042326E+06,0.0000000E+00,1.0000000E+00,-7.2797590E+00,1,-7.3700800E-01,-7.2860161E+01
VAZAR1463,2.9249669E+05,9.1042050E+06,0.0000000E+00,1.0000000E+00,-3.7640760E+00,1,-1.3519070E+00,-7.5540897E+01
VAZAR1523,2.9112336E+05,9.1044948E+06,0.0000000E+00,1.0000000E+00,-3.8630110E+00,1,8.2076330E+00,-1.8007239E+01
VAZAR1524,2.9121948E+05,9.1044672E+06,0.0000000E+00,1.0000000E+00,-7.2756980E+00,1,7.9773280E+00,-1.7465082E+01
VAZAR1525,2.9131561E+05,9.1044397E+06,0.0000000E+00,1.0000000E+00,-6.1088700E-01,1,7.7070290E+00,-1.6864839E+01
VAZAR1529,2.9170012E+05,9.1043294E+06,0.0000000E+00,1.0000000E+00,-1.8595070E+00,1,7.0596360E+00,-2.7264973E+01
VAZAR1530,2.9179624E+05,9.1043019E+06,0.0000000E+00,1.0000000E+00,-6.6980540E+00,1,6.7360640E+00,-3.1394078E+01
VAZAR1531,2.9189237E+05,9.1042743E+06,0.0000000E+00,1.0000000E+00,-7.2797590E+00,1,6.6837680E+00,-3.9814600E+01
VAZAR1532,2.9198849E+05,9.1042467E+06,0.0000000E+00,1.0000000E+00,-7.2797590E+00,1,7.1436320E+00,-4.0496239E+01
VAZAR1533,2.9208462E+05,9.1042192E+06,0.0000000E+00,1.0000000E+00,-7.2797590E+00,1,8.0181440E+00,-4.7057451E+01
VAZAR1534,2.9218075E+05,9.1041916E+06,0.0000000E+00,1.0000000E+00,-7.2797590E+00,1,6.7814240E+00,-5.3612371E+01
VAZAR1535,2.9227687E+05,9.1041640E+06,0.0000000E+00,1.0000000E+00,-7.2797590E+00,1,3.5741790E+00,-6.1212442E+01
VAZAR1536,2.9237300E+05,9.1041365E+06,0.0000000E+00,1.0000000E+00,-7.2797590E+00,1,1.0294790E+00,-6.8431608E+01
VAZAR1537,2.9246912E+05,9.1041089E+06,0.0000000E+00,1.0000000E+00,-4.1593620E+00,1,-9.2153800E-01,-7.4829550E+01
VAZAR1597,2.9109579E+05,9.1043987E+06,0.0000000E+00,1.0000000E+00,-7.1129480E+00,1,8.6243140E+00,-1.7203000E+01
VAZAR1598,2.9119192E+05,9.1043711E+06,0.0000000E+00,1.0000000E+00,-5.3373360E+00,1,7.8509090E+00,-1.6801237E+01
VAZAR1599,2.9128805E+05,9.1043436E+06,0.0000000E+00,1.0000000E+00,-3.6660000E-03,1,6.7456050E+00,-1.6236172E+01
VAZAR1602,2.9157643E+05,9.1042609E+06,0.0000000E+00,1.0000000E+00,-3.2100000E-03,1,6.1980300E+00,-1.9206814E+01
VAZAR1604,2.9176868E+05,9.1042057E+06,0.0000000E+00,1.0000000E+00,-6.2070000E-02,1,6.2036320E+00,-2.7366257E+01
VAZAR1605,2.9186480E+05,9.1041782E+06,0.0000000E+00,1.0000000E+00,-3.4107740E+00,1,7.1131790E+00,-3.8611278E+01
VAZAR1606,2.9196093E+05,9.1041506E+06,0.0000000E+00,1.0000000E+00,-7.2797590E+00,1,7.7498100E+00,-4.2460712E+01
VAZAR1607,2.9205706E+05,9.1041230E+06,0.0000000E+00,1.0000000E+00,-7.2797590E+00,1,6.5870830E+00,-5.2124775E+01
VAZAR1608,2.9215318E+05,9.1040955E+06,0.0000000E+00,1.0000000E+00,-7.2797590E+00,1,5.7388320E+00,-5.7127365E+01
VAZAR1609,2.9224931E+05,9.1040679E+06,0.0000000E+00,1.0000000E+00,-7.2797590E+00,1,2.0221820E+00,-6.2060896E+01
VAZAR1610,2.9234544E+05,9.1040404E+06,0.0000000E+00,1.0000000E+00,-6.6111820E+00,1,-2.6983200E-01,-6.9401912E+01
VAZAR265,2.9161653E+05,9.1062147E+06,0.0000000E+00,1.0000000E+00,-8.2399790E+00,1,8.2573400E-01,-2.7697529E+01
VAZAR266,2.9171266E+05,9.1061871E+06,0.0000000E+00,1.0000000E+00,-2.5198000E-02,1,6.9534000E-02,-2.6753966E+01
VAZAR273,2.9238554E+05,9.1059942E+06,0.0000000E+00,1.0000000E+00,-1.6525050E+00,1,7.4907300E+00,-3.2502455E+01
VAZAR274,2.9248166E+05,9.1059666E+06,0.0000000E+00,1.0000000E+00,-8.9233910E+00,1,6.7499770E+00,-3.3861548E+01
VAZAR275,2.9257779E+05,9.1059391E+06,0.0000000E+00,1.0000000E+00,-1.4148076E+01,1,4.9650610E+00,-3.5682700E+01
VAZAR276,2.9267392E+05,9.1059115E+06,0.0000000E+00,1.0000000E+00,-1.4370243E+01,1,3.5133450E+00,-3.7452776E+01
VAZAR277,2.9277004E+05,9.1058839E+06,0.0000000E+00,1.0000000E+00,-1.4370243E+01,1,2.8902110E+00,-3.9116176E+01
VAZAR278,2.9286617E+05,9.1058564E+06,0.0000000E+00,1.0000000E+00,-1.4370243E+01,1,1.1850570E+00,-3.4703882E+01
VAZAR279,2.9296230E+05,9.1058288E+06,0.0000000E+00,1.0000000E+00,-1.4370243E+01,1,-3.7241200E-01,-3.5118686E+01
VAZAR280,2.9305842E+05,9.1058012E+06,0.0000000E+00,1.0000000E+00,-7.3822120E+00,1,-1.1984630E+00,-3.5898029E+01
VAZAR343,2.9195446E+05,9.1059420E+06,0.0000000E+00,1.0000000E+00,-9.6039000E-02,1,8.1323080E+00,-2.6654539E+01
VAZAR344,2.9205059E+05,9.1059145E+06,0.0000000E+00,1.0000000E+00,-3.5206630E+00,1,7.9861630E+00,-2.5995637E+01
VAZAR345,2.9214672E+05,9.1058869E+06,0.0000000E+00,1.0000000E+00,-5.9470540E+00,1,7.6337600E+00,-3.0863049E+01
VAZAR346,2.9224284E+05,9.1058594E+06,0.0000000E+00,1.0000000E+00,-7.6474200E+00,1,7.5841600E+00,-3.0989454E+01
VAZAR347,2.9233897E+05,9.1058318E+06,0.0000000E+00,1.0000000E+00,-1.0023992E+01,1,7.8884110E+00,-3.2093989E+01
VAZAR348,2.9243510E+05,9.1058042E+06,0.0000000E+00,1.0000000E+00,-1.0228061E+01,1,8.1941850E+00,-3.3998185E+01
VAZAR349,2.9253122E+05,9.1057767E+06,0.0000000E+00,1.0000000E+00,-1.0228061E+01,1,7.6730610E+00,-3.8535070E+01
VAZAR350,2.9262735E+05,9.1057491E+06,0.0000000E+00,1.0000000E+00,-1.0228061E+01,1,6.1724480E+00,-4.1600909E+01
VAZAR351,2.9272347E+05,9.1057215E+06,0.0000000E+00,1.0000000E+00,-1.0228061E+01,1,3.8917740E+00,-3.9332643E+01
VAZAR352,2.9281960E+05,9.1056940E+06,0.0000000E+00,1.0000000E+00,-1.0228061E+01,1,2.0375500E+00,-4.1119763E+01
VAZAR353,2.9291573E+05,9.1056664E+06,0.0000000E+00,1.0000000E+00,-1.0228061E+01,1,4.6470900E-01,-4.2623595E+01
VAZAR354,2.9301185E+05,9.1056388E+06,0.0000000E+00,1.0000000E+00,-5.4118530E+00,1,-1.0763860E+00,-4.2742021E+01
VAZAR416,2.9182519E+05,9.1058540E+06,0.0000000E+00,1.0000000E+00,-3.6926000E-02,1,8.4579010E+00,-3.1410867E+01
VAZAR417,2.9192132E+05,9.1058264E+06,0.0000000E+00,1.0000000E+00,-4.5978390E+00,1,7.9198250E+00,-2.9782273E+01
VAZAR418,2.9201745E+05,9.1057989E+06,0.0000000E+00,1.0000000E+00,-7.2797590E+00,1,7.5771130E+00,-3.2946978E+01
VAZAR419,2.9211357E+05,9.1057713E+06,0.0000000E+00,1.0000000E+00,-7.2797590E+00,1,7.4083950E+00,-3.1968114E+01
VAZAR420,2.9220970E+05,9.1057438E+06,0.0000000E+00,1.0000000E+00,-7.2797590E+00,1,7.2393260E+00,-3.1594163E+01
VAZAR421,2.9230582E+05,9.1057162E+06,0.0000000E+00,1.0000000E+00,-7.2797590E+00,1,7.4547310E+00,-3.1949600E+01
VAZAR422,2.9240195E+05,9.1056886E+06,0.0000000E+00,1.0000000E+00,-7.2797590E+00,1,7.5455070E+00,-3.3690237E+01
VAZAR423,2.9249808E+05,9.1056611E+06,0.0000000E+00,1.0000000E+00,-7.2797590E+00,1,7.0687420E+00,-3.8393402E+01
VAZAR424,2.9259420E+05,9.1056335E+06,0.0000000E+00,1.0000000E+00,-7.2797590E+00,1,6.3127460E+00,-3.8634296E+01
VAZAR425,2.9269033E+05,9.1056059E+06,0.0000000E+00,1.0000000E+00,-7.2797590E+00,1,4.6137570E+00,-4.2691470E+01
VAZAR426,2.9278645E+05,9.1055784E+06,0.0000000E+00,1.0000000E+00,-7.2797590E+00,1,2.2104410E+00,-4.5419263E+01
VAZAR427,2.9288258E+05,9.1055508E+06,0.0000000E+00,1.0000000E+00,-7.2797590E+00,1,-4.7786000E-02,-4.6874668E+01
VAZAR428,2.9297871E+05,9.1055232E+06,0.0000000E+00,1.0000000E+00,-3.6885740E+00,1,-1.0541400E+00,-4.7900397E+01
VAZAR489,2.9170150E+05,9.1057855E+06,0.0000000E+00,1.0000000E+00,-5.8825900E-01,1,8.4048170E+00,-4.1129456E+01
VAZAR490,2.9179763E+05,9.1057579E+06,0.0000000E+00,1.0000000E+00,-4.7015280E+00,1,7.8488680E+00,-3.5938649E+01
VAZAR491,2.9189376E+05,9.1057303E+06,0.0000000E+00,1.0000000E+00,-7.2797590E+00,1,7.1890940E+00,-3.8377739E+01
VAZAR492,2.9198988E+05,9.1057028E+06,0.0000000E+00,1.0000000E+00,-7.2797590E+00,1,6.9429080E+00,-3.5230801E+01
VAZAR493,2.9208601E+05,9.1056752E+06,0.0000000E+00,1.0000000E+00,-7.2797590E+00,1,6.8758960E+00,-3.3591400E+01
VAZAR494,2.9218213E+05,9.1056476E+06,0.0000000E+00,1.0000000E+00,-7.2797590E+00,1,6.7353910E+00,-3.2951078E+01
VAZAR495,2.9227826E+05,9.1056201E+06,0.0000000E+00,1.0000000E+00,-7.2797590E+00,1,7.0907980E+00,-3.3359300E+01
VAZAR496,2.9237439E+05,9.1055925E+06,0.0000000E+00,1.0000000E+00,-7.2797590E+00,1,6.6770210E+00,-2.8790288E+01
VAZAR497,2.9247051E+05,9.1055649E+06,0.0000000E+00,1.0000000E+00,-7.2797590E+00,1,6.2178560E+00,-3.2648682E+01
VAZAR498,2.9256664E+05,9.1055374E+06,0.0000000E+00,1.0000000E+00,-7.2797590E+00,1,5.9086080E+00,-3.6849746E+01
VAZAR499,2.9266276E+05,9.1055098E+06,0.0000000E+00,1.0000000E+00,-7.2797590E+00,1,3.9507120E+00,-4.5030804E+01
VAZAR500,2.9275889E+05,9.1054822E+06,0.0000000E+00,1.0000000E+00,-7.2797590E+00,1,1.4797140E+00,-4.9753922E+01
VAZAR501,2.9285502E+05,9.1054547E+06,0.0000000E+00,1.0000000E+00,-7.1285950E+00,1,-3.5207700E-01,-5.0875766E+01
VAZAR562,2.9157781E+05,9.1057169E+06,0.0000000E+00,1.0000000E+00,-4.8422760E+00,1,8.2346670E+00,-4.6068150E+01
VAZAR563,2.9167394E+05,9.1056893E+06,0.0000000E+00,1.0000000E+00,-6.9220750E+00,1,7.5782460E+00,-4.4786360E+01
VAZAR564,2.9177007E+05,9.1056618E+06,0.0000000E+00,1.0000000E+00,-7.2797590E+00,1,7.2477760E+00,-4.2912984E+01
VAZAR565,2.9186619E+05,9.1056342E+06,0.0000000E+00,1.0000000E+00,-7.2797590E+00,1,6.8586810E+00,-3.7189512E+01
VAZAR566,2.9196232E+05,9.1056066E+06,0.0000000E+00,1.0000000E+00,-7.2797590E+00,1,7.0477450E+00,-3.1637119E+01
VAZAR567,2.9205844E+05,9.1055791E+06,0.0000000E+00,1.0000000E+00,-7.2797590E+00,1,6.9523690E+00,-2.8726388E+01
VAZAR568,2.9215457E+05,9.1055515E+06,0.0000000E+00,1.0000000E+00,-7.2797590E+00,1,6.5774700E+00,-2.7203447E+01
VAZAR569,2.9225070E+05,9.1055239E+06,0.0000000E+00,1.0000000E+00,-7.2797590E+00,1,6.2498420E+00,-2.8494065E+01
VAZAR570,2.9234682E+05,9.1054964E+06,0.0000000E+00,1.0000000E+00,-7.2797590E+00,1,5.9917610E+00,-2.9771027E+01
VAZAR571,2.9244295E+05,9.1054688E+06,0.0000000E+00,1.0000000E+00,-7.2797590E+00,1,6.0258850E+00,-3.3273589E+01
VAZAR572,2.9253908E+05,9.1054413E+06,0.0000000E+00,1.0000000E+00,-7.2797590E+00,1,5.8165320E+00,-3.9790990E+01
VAZAR573,2.9263520E+05,9.1054137E+06,0.0000000E+00,1.0000000E+00,-7.2797590E+00,1,4.2188970E+00,-4.5239300E+01
VAZAR574,2.9273133E+05,9.1053861E+06,0.0000000E+00,1.0000000E+00,-7.2797590E+00,1,1.2720010E+00,-5.1727824E+01
VAZAR575,2.9282745E+05,9.1053586E+06,0.0000000E+00,1.0000000E+00,-6.3901950E+00,1,-1.0229710E+00,-5.4664663E+01
VAZAR636,2.9155025E+05,9.1056208E+06,0.0000000E+00,1.0000000E+00,-7.2797590E+00,1,7.7467420E+00,-4.5330961E+01
VAZAR637,2.9164638E+05,9.1055932E+06,0.0000000E+00,1.0000000E+00,-7.2797590E+00,1,7.0166840E+00,-4.5021482E+01
VAZAR638,2.9174250E+05,9.1055656E+06,0.0000000E+00,1.0000000E+00,-7.2797590E+00,1,6.5200550E+00,-4.4128568E+01
VAZAR639,2.9183863E+05,9.1055381E+06,0.0000000E+00,1.0000000E+00,-7.2797590E+00,1,6.6039000E+00,-4.0996117E+01
VAZAR640,2.9193475E+05,9.1055105E+06,0.0000000E+00,1.0000000E+00,-7.2797590E+00,1,6.7883480E+00,-3.5118783E+01
VAZAR641,2.9203088E+05,9.1054829E+06,0.0000000E+00,1.0000000E+00,-7.2797590E+00,1,6.6769410E+00,-3.0549476E+01
VAZAR642,2.9212701E+05,9.1054554E+06,0.0000000E+00,1.0000000E+00,-7.2797590E+00,1,6.5191310E+00,-2.8687556E+01
VAZAR643,2.9222313E+05,9.1054278E+06,0.0000000E+00,1.0000000E+00,-7.2797590E+00,1,6.6105680E+00,-2.8785149E+01
VAZAR644,2.9231926E+05,9.1054003E+06,0.0000000E+00,1.0000000E+00,-7.2797590E+00,1,6.3785020E+00,-3.2342129E+01
VAZAR645,2.9241539E+05,9.1053727E+06,0.0000000E+00,1.0000000E+00,-7.2797590E+00,1,6.0261890E+00,-3.5026195E+01
VAZAR646,2.9251151E+05,9.1053451E+06,0.0000000E+00,1.0000000E+00,-7.2797590E+00,1,5.1897730E+00,-4.0574372E+01
VAZAR647,2.9260764E+05,9.1053176E+06,0.0000000E+00,1.0000000E+00,-7.2797590E+00,1,2.9563810E+00,-4.6107277E+01
VAZAR648,2.9270376E+05,9.1052900E+06,0.0000000E+00,1.0000000E+00,-7.2797590E+00,1,1.6671870E+00,-4.9817803E+01
VAZAR649,2.9279989E+05,9.1052624E+06,0.0000000E+00,1.0000000E+00,-5.5829770E+00,1,4.2785400E-01,-5.4761109E+01
VAZAR709,2.9142656E+05,9.1055522E+06,0.0000000E+00,1.0000000E+00,-7.2797590E+00,1,6.9998530E+00,-4.1150084E+01
VAZAR710,2.9152269E+05,9.1055246E+06,0.0000000E+00,1.0000000E+00,-7.2797590E+00,1,6.1928720E+00,-4.3104157E+01
VAZAR711,2.9161881E+05,9.1054971E+06,0.0000000E+00,1.0000000E+00,-7.2797590E+00,1,5.9372340E+00,-4.4425085E+01
VAZAR712,2.9171494E+05,9.1054695E+06,0.0000000E+00,1.0000000E+00,-7.2797590E+00,1,6.1974920E+00,-4.3745696E+01
VAZAR713,2.9181106E+05,9.1054419E+06,0.0000000E+00,1.0000000E+00,-7.2797590E+00,1,6.2073060E+00,-4.1630405E+01
VAZAR714,2.9190719E+05,9.1054144E+06,0.0000000E+00,1.0000000E+00,-7.2797590E+00,1,6.3644050E+00,-3.8474735E+01
VAZAR715,2.9200332E+05,9.1053868E+06,0.0000000E+00,1.0000000E+00,-7.2797590E+00,1,6.5583970E+00,-3.5186731E+01
VAZAR716,2.9209944E+05,9.1053593E+06,0.0000000E+00,1.0000000E+00,-7.2797590E+00,1,6.8103330E+00,-3.0698494E+01
VAZAR717,2.9219557E+05,9.1053317E+06,0.0000000E+00,1.0000000E+00,-7.2797590E+00,1,6.5229870E+00,-2.9763480E+01
VAZAR718,2.9229170E+05,9.1053041E+06,0.0000000E+00,1.0000000E+00,-7.2797590E+00,1,6.2857780E+00,-3.1656056E+01
VAZAR719,2.9238782E+05,9.1052766E+06,0.0000000E+00,1.0000000E+00,-7.2797590E+00,1,5.9740650E+00,-3.5239417E+01
VAZAR720,2.9248395E+05,9.1052490E+06,0.0000000E+00,1.0000000E+00,-7.2797590E+00,1,4.6004750E+00,-4.0154829E+01
VAZAR721,2.9258007E+05,9.1052214E+06,0.0000000E+00,1.0000000E+00,-7.2797590E+00,1,3.2018480E+00,-4.4480973E+01
VAZAR722,2.9267620E+05,9.1051939E+06,0.0000000E+00,1.0000000E+00,-7.2797590E+00,1,1.6059120E+00,-5.1319988E+01
VAZAR723,2.9277233E+05,9.1051663E+06,0.0000000E+00,1.0000000E+00,-3.6789080E+00,1,4.5491200E-01,-5.8084871E+01
VAZAR783,2.9139900E+05,9.1054561E+06,0.0000000E+00,1.0000000E+00,-7.2797590E+00,1,5.0193420E+00,-3.9005060E+01
VAZAR784,2.9149512E+05,9.1054285E+06,0.0000000E+00,1.0000000E+00,-7.2797590E+00,1,5.1079450E+00,-4.1450900E+01
VAZAR785,2.9159125E+05,9.1054009E+06,0.0000000E+00,1.0000000E+00,-7.2797590E+00,1,5.7521050E+00,-4.2656213E+01
VAZAR786,2.9168737E+05,9.1053734E+06,0.0000000E+00,1.0000000E+00,-6.6028940E+00,1,6.3462460E+00,-4.2225794E+01
VAZAR787,2.9178350E+05,9.1053458E+06,0.0000000E+00,1.0000000E+00,-6.1404130E+00,1,6.6053500E+00,-4.1631580E+01
VAZAR788,2.9187963E+05,9.1053183E+06,0.0000000E+00,1.0000000E+00,-5.9237750E+00,1,6.8499310E+00,-3.8730238E+01
VAZAR789,2.9197575E+05,9.1052907E+06,0.0000000E+00,1.0000000E+00,-4.8952890E+00,1,6.8799080E+00,-3.6062858E+01
VAZAR790,2.9207188E+05,9.1052631E+06,0.0000000E+00,1.0000000E+00,-7.2759240E+00,1,6.8673130E+00,-3.2533588E+01
VAZAR791,2.9216801E+05,9.1052356E+06,0.0000000E+00,1.0000000E+00,-7.2797590E+00,1,7.3919250E+00,-2.9485705E+01
VAZAR792,2.9226413E+05,9.1052080E+06,0.0000000E+00,1.0000000E+00,-7.2797590E+00,1,7.7470630E+00,-2.8550510E+01
VAZAR793,2.9236026E+05,9.1051804E+06,0.0000000E+00,1.0000000E+00,-7.2797590E+00,1,7.5979260E+00,-3.1072407E+01
VAZAR794,2.9245638E+05,9.1051529E+06,0.0000000E+00,1.0000000E+00,-7.2797590E+00,1,6.0715540E+00,-3.6858717E+01
VAZAR795,2.9255251E+05,9.1051253E+06,0.0000000E+00,1.0000000E+00,-7.2797590E+00,1,3.1794040E+00,-4.7732115E+01
VAZAR796,2.9264864E+05,9.1050977E+06,0.0000000E+00,1.0000000E+00,-6.6557370E+00,1,5.1227700E-01,-5.7266700E+01
VAZAR858,2.9146756E+05,9.1053324E+06,0.0000000E+00,1.0000000E+00,-4.0824110E+00,1,5.4321120E+00,-3.9224686E+01
VAZAR859,2.9156368E+05,9.1053048E+06,0.0000000E+00,1.0000000E+00,-1.4895960E+00,1,6.2604480E+00,-4.1485713E+01
VAZAR860,2.9165981E+05,9.1052773E+06,0.0000000E+00,1.0000000E+00,-1.9737400E-01,1,6.6077730E+00,-4.1613474E+01
VAZAR862,2.9185206E+05,9.1052221E+06,0.0000000E+00,1.0000000E+00,-4.2424600E-01,1,6.8662600E+00,-3.8691708E+01
VAZAR863,2.9194819E+05,9.1051946E+06,0.0000000E+00,1.0000000E+00,-4.4057520E+00,1,6.5875900E+00,-3.6245558E+01
VAZAR864,2.9204432E+05,9.1051670E+06,0.0000000E+00,1.0000000E+00,-7.2797590E+00,1,6.0812390E+00,-3.3039000E+01
VAZAR865,2.9214044E+05,9.1051394E+06,0.0000000E+00,1.0000000E+00,-7.2797590E+00,1,6.5550110E+00,-3.1359793E+01
VAZAR866,2.9223657E+05,9.1051119E+06,0.0000000E+00,1.0000000E+00,-7.2797590E+00,1,7.8911250E+00,-2.9909715E+01
VAZAR867,2.9233269E+05,9.1050843E+06,0.0000000E+00,1.0000000E+00,-7.2797590E+00,1,8.1107220E+00,-3.3177196E+01
VAZAR868,2.9242882E+05,9.1050567E+06,0.0000000E+00,1.0000000E+00,-7.2797590E+00,1,5.0288800E+00,-4.3511052E+01
VAZAR869,2.9252495E+05,9.1050292E+06,0.0000000E+00,1.0000000E+00,-7.2797590E+00,1,2.5493980E+00,-5.3136284E+01
VAZAR870,2.9262107E+05,9.1050016E+06,0.0000000E+00,1.0000000E+00,-7.2797590E+00,1,2.3393200E-01,-6.2826968E+01
VAZAR871,2.9271720E+05,9.1049741E+06,0.0000000E+00,1.0000000E+00,-1.1257320E+00,1,-1.1298640E+00,-6.8472197E+01
VAZAR931,2.9134387E+05,9.1052638E+06,0.0000000E+00,1.0000000E+00,-2.1871000E-02,1,3.3298650E+00,-3.0049834E+01
VAZAR935,2.9172837E+05,9.1051536E+06,0.0000000E+00,1.0000000E+00,-4.8665680E+00,1,5.6443350E+00,-4.0058369E+01
VAZAR936,2.9182450E+05,9.1051260E+06,0.0000000E+00,1.0000000E+00,-7.0237830E+00,1,5.7398470E+00,-3.7875028E+01
VAZAR937,2.9192063E+05,9.1050984E+06,0.0000000E+00,1.0000000E+00,-7.2797590E+00,1,6.2740240E+00,-3.5348560E+01
VAZAR938,2.9201675E+05,9.1050709E+06,0.0000000E+00,1.0000000E+00,-7.2797590E+00,1,6.5800930E+00,-3.3011519E+01
VAZAR939,2.9211288E+05,9.1050433E+06,0.0000000E+00,1.0000000E+00,-7.2797590E+00,1,7.2092870E+00,-3.4386988E+01
VAZAR940,2.9220900E+05,9.1050157E+06,0.0000000E+00,1.0000000E+00,-7.2797590E+00,1,7.8788750E+00,-3.7386305E+01
VAZAR941,2.9230513E+05,9.1049882E+06,0.0000000E+00,1.0000000E+00,-7.2797590E+00,1,8.3503980E+00,-4.1363678E+01
VAZAR942,2.9240126E+05,9.1049606E+06,0.0000000E+00,1.0000000E+00,-7.2797590E+00,1,6.7443110E+00,-5.3273547E+01
VAZAR943,2.9249738E+05,9.1049331E+06,0.0000000E+00,1.0000000E+00,-7.2797590E+00,1,3.2898270E+00,-6.6209019E+01
VAZAR944,2.9259351E+05,9.1049055E+06,0.0000000E+00,1.0000000E+00,-7.2797590E+00,1,1.3333730E+00,-7.2426967E+01
VAZAR945,2.9268963E+05,9.1048779E+06,0.0000000E+00,1.0000000E+00,-3.2131690E+00,1,-1.0515340E+00,-7.4251284E+01
