FeatureID,PartID,X,Y,Z,KX,KY,KZ,SLB_WHI_ID
0,1,292120.289132706,9105613.35098904,0,1,1,1,65239888-ad09-469c-8aa0-854d80ce4427
0,1,292147.852868288,9105709.47715864,0,1,1,1,65239888-ad09-469c-8aa0-854d80ce4427
0,1,292243.979037882,9105681.91342306,0,1,1,1,65239888-ad09-469c-8aa0-854d80ce4427
0,1,292216.4153023,9105585.78725346,0,1,1,1,65239888-ad09-469c-8aa0-854d80ce4427
0,1,292120.289132706,9105613.35098904,0,1,1,1,65239888-ad09-469c-8aa0-854d80ce4427
1,1,292216.4153023,9105585.78725346,0,1,1,1,edeb2e2f-60e2-4ce9-bb55-4e3af00cc305
1,1,292243.979037882,9105681.91342306,0,1,1,1,edeb2e2f-60e2-4ce9-bb55-4e3af00cc305
1,1,292340.105207476,9105654.34968747,0,1,1,1,edeb2e2f-60e2-4ce9-bb55-4e3af00cc305
1,1,292312.541471894,9105558.22351788,0,1,1,1,edeb2e2f-60e2-4ce9-bb55-4e3af00cc305
1,1,292216.4153023,9105585.78725346,0,1,1,1,edeb2e2f-60e2-4ce9-bb55-4e3af00cc305
2,1,292092.725397125,9105517.22481945,0,1,1,1,5b1a70e0-56c8-4ed7-bb40-0566503dc7c8
2,1,292120.289132706,9105613.35098904,0,1,1,1,5b1a70e0-56c8-4ed7-bb40-0566503dc7c8
2,1,292216.4153023,9105585.78725346,0,1,1,1,5b1a70e0-56c8-4ed7-bb40-0566503dc7c8
2,1,292188.851566718,9105489.66108387,0,1,1,1,5b1a70e0-56c8-4ed7-bb40-0566503dc7c8
2,1,292092.725397125,9105517.22481945,0,1,1,1,5b1a70e0-56c8-4ed7-bb40-0566503dc7c8
3,1,292188.851566718,9105489.66108387,0,1,1,1,fb431b82-0278-466f-a3cd-7aedbb4a4482
3,1,292216.4153023,9105585.78725346,0,1,1,1,fb431b82-0278-466f-a3cd-7aedbb4a4482
3,1,292312.541471894,9105558.22351788,0,1,1,1,fb431b82-0278-466f-a3cd-7aedbb4a4482
3,1,292284.977736312,9105462.09734829,0,1,1,1,fb431b82-0278-466f-a3cd-7aedbb4a4482
3,1,292188.851566718,9105489.66108387,0,1,1,1,fb431b82-0278-466f-a3cd-7aedbb4a4482
4,1,292312.541471894,9105558.22351788,0,1,1,1,43fcfbc9-4388-4728-8524-54c275feb38f
4,1,292340.105207476,9105654.34968747,0,1,1,1,43fcfbc9-4388-4728-8524-54c275feb38f
4,1,292436.231377069,9105626.78595189,0,1,1,1,43fcfbc9-4388-4728-8524-54c275feb38f
4,1,292408.667641488,9105530.6597823,0,1,1,1,43fcfbc9-4388-4728-8524-54c275feb38f
4,1,292312.541471894,9105558.22351788,0,1,1,1,43fcfbc9-4388-4728-8524-54c275feb38f
5,1,292284.977736312,9105462.09734829,0,1,1,1,fea1d8e6-1d32-4ece-a707-76eb56261956
5,1,292312.541471894,9105558.22351788,0,1,1,1,fea1d8e6-1d32-4ece-a707-76eb56261956
5,1,292408.667641488,9105530.6597823,0,1,1,1,fea1d8e6-1d32-4ece-a707-76eb56261956
5,1,292381.103905906,9105434.5336127,0,1,1,1,fea1d8e6-1d32-4ece-a707-76eb56261956
5,1,292284.977736312,9105462.09734829,0,1,1,1,fea1d8e6-1d32-4ece-a707-76eb56261956
6,1,292408.667641488,9105530.6597823,0,1,1,1,a18a7615-a55b-4df8-acff-0e9e7d8b3330
6,1,292436.231377069,9105626.78595189,0,1,1,1,a18a7615-a55b-4df8-acff-0e9e7d8b3330
6,1,292532.357546663,9105599.22221631,0,1,1,1,a18a7615-a55b-4df8-acff-0e9e7d8b3330
6,1,292504.793811082,9105503.09604672,0,1,1,1,a18a7615-a55b-4df8-acff-0e9e7d8b3330
6,1,292408.667641488,9105530.6597823,0,1,1,1,a18a7615-a55b-4df8-acff-0e9e7d8b3330
7,1,292381.103905906,9105434.5336127,0,1,1,1,1a29a59d-8f9f-4cac-83d6-17a112a0b327
7,1,292408.667641488,9105530.6597823,0,1,1,1,1a29a59d-8f9f-4cac-83d6-17a112a0b327
7,1,292504.793811082,9105503.09604672,0,1,1,1,1a29a59d-8f9f-4cac-83d6-17a112a0b327
7,1,292477.2300755,9105406.96987712,0,1,1,1,1a29a59d-8f9f-4cac-83d6-17a112a0b327
7,1,292381.103905906,9105434.5336127,0,1,1,1,1a29a59d-8f9f-4cac-83d6-17a112a0b327
8,1,292504.793811082,9105503.09604672,0,1,1,1,35c04428-6fb9-49ad-b747-c7052708d263
8,1,292532.357546663,9105599.22221631,0,1,1,1,35c04428-6fb9-49ad-b747-c7052708d263
8,1,292628.483716257,9105571.65848073,0,1,1,1,35c04428-6fb9-49ad-b747-c7052708d263
8,1,292600.919980675,9105475.53231114,0,1,1,1,35c04428-6fb9-49ad-b747-c7052708d263
8,1,292504.793811082,9105503.09604672,0,1,1,1,35c04428-6fb9-49ad-b747-c7052708d263
9,1,292477.2300755,9105406.96987712,0,1,1,1,ff9f20a3-6359-4322-8ffd-69c97214f52f
9,1,292504.793811082,9105503.09604672,0,1,1,1,ff9f20a3-6359-4322-8ffd-69c97214f52f
9,1,292600.919980675,9105475.53231114,0,1,1,1,ff9f20a3-6359-4322-8ffd-69c97214f52f
9,1,292573.356245094,9105379.40614154,0,1,1,1,ff9f20a3-6359-4322-8ffd-69c97214f52f
9,1,292477.2300755,9105406.96987712,0,1,1,1,ff9f20a3-6359-4322-8ffd-69c97214f52f
10,1,292600.919980675,9105475.53231114,0,1,1,1,4e2e76e7-babd-4a54-96eb-579af5faeca6
10,1,292628.483716257,9105571.65848073,0,1,1,1,4e2e76e7-babd-4a54-96eb-579af5faeca6
10,1,292724.609885851,9105544.09474515,0,1,1,1,4e2e76e7-babd-4a54-96eb-579af5faeca6
10,1,292697.046150269,9105447.96857555,0,1,1,1,4e2e76e7-babd-4a54-96eb-579af5faeca6
10,1,292600.919980675,9105475.53231114,0,1,1,1,4e2e76e7-babd-4a54-96eb-579af5faeca6
11,1,292573.356245094,9105379.40614154,0,1,1,1,33798c3e-d97e-41f6-b9c0-aad3b6979921
11,1,292600.919980675,9105475.53231114,0,1,1,1,33798c3e-d97e-41f6-b9c0-aad3b6979921
11,1,292697.046150269,9105447.96857555,0,1,1,1,33798c3e-d97e-41f6-b9c0-aad3b6979921
11,1,292669.482414688,9105351.84240596,0,1,1,1,33798c3e-d97e-41f6-b9c0-aad3b6979921
11,1,292573.356245094,9105379.40614154,0,1,1,1,33798c3e-d97e-41f6-b9c0-aad3b6979921
12,1,292697.046150269,9105447.96857555,0,1,1,1,f61b31d8-d682-420c-a8eb-d104e89b54bd
12,1,292724.609885851,9105544.09474515,0,1,1,1,f61b31d8-d682-420c-a8eb-d104e89b54bd
12,1,292820.736055445,9105516.53100957,0,1,1,1,f61b31d8-d682-420c-a8eb-d104e89b54bd
12,1,292793.172319863,9105420.40483997,0,1,1,1,f61b31d8-d682-420c-a8eb-d104e89b54bd
12,1,292697.046150269,9105447.96857555,0,1,1,1,f61b31d8-d682-420c-a8eb-d104e89b54bd
13,1,292669.482414688,9105351.84240596,0,1,1,1,8d8dab06-159c-4959-b991-16045df1ce59
13,1,292697.046150269,9105447.96857555,0,1,1,1,8d8dab06-159c-4959-b991-16045df1ce59
13,1,292793.172319863,9105420.40483997,0,1,1,1,8d8dab06-159c-4959-b991-16045df1ce59
13,1,292765.608584281,9105324.27867038,0,1,1,1,8d8dab06-159c-4959-b991-16045df1ce59
13,1,292669.482414688,9105351.84240596,0,1,1,1,8d8dab06-159c-4959-b991-16045df1ce59
14,1,292793.172319863,9105420.40483997,0,1,1,1,b866a158-3b1a-4713-9f37-1b943e904678
14,1,292820.736055445,9105516.53100957,0,1,1,1,b866a158-3b1a-4713-9f37-1b943e904678
14,1,292916.862225039,9105488.96727398,0,1,1,1,b866a158-3b1a-4713-9f37-1b943e904678
14,1,292889.298489457,9105392.84110439,0,1,1,1,b866a158-3b1a-4713-9f37-1b943e904678
14,1,292793.172319863,9105420.40483997,0,1,1,1,b866a158-3b1a-4713-9f37-1b943e904678
15,1,292765.608584281,9105324.27867038,0,1,1,1,45d8c8e0-b909-48d6-a13b-170f1eabc6d6
15,1,292793.172319863,9105420.40483997,0,1,1,1,45d8c8e0-b909-48d6-a13b-170f1eabc6d6
15,1,292889.298489457,9105392.84110439,0,1,1,1,45d8c8e0-b909-48d6-a13b-170f1eabc6d6
15,1,292861.734753875,9105296.7149348,0,1,1,1,45d8c8e0-b909-48d6-a13b-170f1eabc6d6
15,1,292765.608584281,9105324.27867038,0,1,1,1,45d8c8e0-b909-48d6-a13b-170f1eabc6d6
16,1,292889.298489457,9105392.84110439,0,1000,1000,100,9cd3a82e-bed8-4449-9cac-3e4f62a60d45
16,1,292916.862225039,9105488.96727398,0,1000,1000,100,9cd3a82e-bed8-4449-9cac-3e4f62a60d45
16,1,293012.988394632,9105461.4035384,0,1000,1000,100,9cd3a82e-bed8-4449-9cac-3e4f62a60d45
16,1,292985.424659051,9105365.27736881,0,1000,1000,100,9cd3a82e-bed8-4449-9cac-3e4f62a60d45
16,1,292889.298489457,9105392.84110439,0,1000,1000,100,9cd3a82e-bed8-4449-9cac-3e4f62a60d45
17,1,292861.734753875,9105296.7149348,0,1000,1000,100,c828a443-633f-4bb8-bb74-1299c582cea6
17,1,292889.298489457,9105392.84110439,0,1000,1000,100,c828a443-633f-4bb8-bb74-1299c582cea6
17,1,292985.424659051,9105365.27736881,0,1000,1000,100,c828a443-633f-4bb8-bb74-1299c582cea6
17,1,292957.860923469,9105269.15119921,0,1000,1000,100,c828a443-633f-4bb8-bb74-1299c582cea6
17,1,292861.734753875,9105296.7149348,0,1000,1000,100,c828a443-633f-4bb8-bb74-1299c582cea6
18,1,292985.424659051,9105365.27736881,0,1000,1000,100,b56cea35-e2b5-4126-a402-16207a3bef80
18,1,293012.988394632,9105461.4035384,0,1000,1000,100,b56cea35-e2b5-4126-a402-16207a3bef80
18,1,293109.114564226,9105433.83980282,0,1000,1000,100,b56cea35-e2b5-4126-a402-16207a3bef80
18,1,293081.550828645,9105337.71363323,0,1000,1000,100,b56cea35-e2b5-4126-a402-16207a3bef80
18,1,292985.424659051,9105365.27736881,0,1000,1000,100,b56cea35-e2b5-4126-a402-16207a3bef80
19,1,292957.860923469,9105269.15119921,0,1000,1000,100,16e5f0f2-0737-49c1-a297-37e19b8b7d5a
19,1,292985.424659051,9105365.27736881,0,1000,1000,100,16e5f0f2-0737-49c1-a297-37e19b8b7d5a
19,1,293081.550828645,9105337.71363323,0,1000,1000,100,16e5f0f2-0737-49c1-a297-37e19b8b7d5a
19,1,293053.987093063,9105241.58746363,0,1000,1000,100,16e5f0f2-0737-49c1-a297-37e19b8b7d5a
19,1,292957.860923469,9105269.15119921,0,1000,1000,100,16e5f0f2-0737-49c1-a297-37e19b8b7d5a
20,1,293081.550828645,9105337.71363323,0,1000,1000,100,31162749-851e-4033-9f7b-6dbd9ae6723f
20,1,293109.114564226,9105433.83980282,0,1000,1000,100,31162749-851e-4033-9f7b-6dbd9ae6723f
20,1,293205.24073382,9105406.27606724,0,1000,1000,100,31162749-851e-4033-9f7b-6dbd9ae6723f
20,1,293177.676998238,9105310.14989764,0,1000,1000,100,31162749-851e-4033-9f7b-6dbd9ae6723f
20,1,293081.550828645,9105337.71363323,0,1000,1000,100,31162749-851e-4033-9f7b-6dbd9ae6723f
21,1,293053.987093063,9105241.58746363,0,1000,1000,100,ab686f39-922c-4434-8482-cb8d18c2a6c1
21,1,293081.550828645,9105337.71363323,0,1000,1000,100,ab686f39-922c-4434-8482-cb8d18c2a6c1
21,1,293177.676998238,9105310.14989764,0,1000,1000,100,ab686f39-922c-4434-8482-cb8d18c2a6c1
21,1,293150.113262657,9105214.02372805,0,1000,1000,100,ab686f39-922c-4434-8482-cb8d18c2a6c1
21,1,293053.987093063,9105241.58746363,0,1000,1000,100,ab686f39-922c-4434-8482-cb8d18c2a6c1
22,1,292065.161661543,9105421.09864986,0,1,1,1,dc753476-70f9-4afd-b01e-4e9ee7d8dc49
22,1,292092.725397125,9105517.22481945,0,1,1,1,dc753476-70f9-4afd-b01e-4e9ee7d8dc49
22,1,292188.851566718,9105489.66108387,0,1,1,1,dc753476-70f9-4afd-b01e-4e9ee7d8dc49
22,1,292161.287831137,9105393.53491427,0,1,1,1,dc753476-70f9-4afd-b01e-4e9ee7d8dc49
22,1,292065.161661543,9105421.09864986,0,1,1,1,dc753476-70f9-4afd-b01e-4e9ee7d8dc49
23,1,292161.287831137,9105393.53491427,0,1,1,1,051282ad-a513-4496-bf0a-0e323ec36118
23,1,292188.851566718,9105489.66108387,0,1,1,1,051282ad-a513-4496-bf0a-0e323ec36118
23,1,292284.977736312,9105462.09734829,0,1,1,1,051282ad-a513-4496-bf0a-0e323ec36118
23,1,292257.414000731,9105365.97117869,0,1,1,1,051282ad-a513-4496-bf0a-0e323ec36118
23,1,292161.287831137,9105393.53491427,0,1,1,1,051282ad-a513-4496-bf0a-0e323ec36118
24,1,292257.414000731,9105365.97117869,0,1,1,1,d7f51a24-ce6e-4c75-9d11-b4279afcec7a
24,1,292284.977736312,9105462.09734829,0,1,1,1,d7f51a24-ce6e-4c75-9d11-b4279afcec7a
24,1,292381.103905906,9105434.5336127,0,1,1,1,d7f51a24-ce6e-4c75-9d11-b4279afcec7a
24,1,292353.540170324,9105338.40744311,0,1,1,1,d7f51a24-ce6e-4c75-9d11-b4279afcec7a
24,1,292257.414000731,9105365.97117869,0,1,1,1,d7f51a24-ce6e-4c75-9d11-b4279afcec7a
25,1,292353.540170324,9105338.40744311,0,1,1,1,9b9c3ef6-515a-44a3-a184-528acb74898d
25,1,292381.103905906,9105434.5336127,0,1,1,1,9b9c3ef6-515a-44a3-a184-528acb74898d
25,1,292477.2300755,9105406.96987712,0,1,1,1,9b9c3ef6-515a-44a3-a184-528acb74898d
25,1,292449.666339918,9105310.84370753,0,1,1,1,9b9c3ef6-515a-44a3-a184-528acb74898d
25,1,292353.540170324,9105338.40744311,0,1,1,1,9b9c3ef6-515a-44a3-a184-528acb74898d
26,1,292449.666339918,9105310.84370753,0,1,1,1,b5c264b0-742d-44b7-bc84-73dbe99023c5
26,1,292477.2300755,9105406.96987712,0,1,1,1,b5c264b0-742d-44b7-bc84-73dbe99023c5
26,1,292573.356245094,9105379.40614154,0,1,1,1,b5c264b0-742d-44b7-bc84-73dbe99023c5
26,1,292545.792509512,9105283.27997195,0,1,1,1,b5c264b0-742d-44b7-bc84-73dbe99023c5
26,1,292449.666339918,9105310.84370753,0,1,1,1,b5c264b0-742d-44b7-bc84-73dbe99023c5
27,1,292545.792509512,9105283.27997195,0,1,1,1,2cbe9ae0-e5ae-4b43-9eb0-e8c534c0d655
27,1,292573.356245094,9105379.40614154,0,1,1,1,2cbe9ae0-e5ae-4b43-9eb0-e8c534c0d655
27,1,292669.482414688,9105351.84240596,0,1,1,1,2cbe9ae0-e5ae-4b43-9eb0-e8c534c0d655
27,1,292641.918679106,9105255.71623637,0,1,1,1,2cbe9ae0-e5ae-4b43-9eb0-e8c534c0d655
27,1,292545.792509512,9105283.27997195,0,1,1,1,2cbe9ae0-e5ae-4b43-9eb0-e8c534c0d655
28,1,292641.918679106,9105255.71623637,0,1,1,1,2a9349cd-666f-43aa-ba9e-dc3eaa4ed97e
28,1,292669.482414688,9105351.84240596,0,1,1,1,2a9349cd-666f-43aa-ba9e-dc3eaa4ed97e
28,1,292765.608584281,9105324.27867038,0,1,1,1,2a9349cd-666f-43aa-ba9e-dc3eaa4ed97e
28,1,292738.0448487,9105228.15250078,0,1,1,1,2a9349cd-666f-43aa-ba9e-dc3eaa4ed97e
28,1,292641.918679106,9105255.71623637,0,1,1,1,2a9349cd-666f-43aa-ba9e-dc3eaa4ed97e
29,1,292738.0448487,9105228.15250078,0,1,1,1,b7793897-fef6-44be-a164-32dd9cd68f3f
29,1,292765.608584281,9105324.27867038,0,1,1,1,b7793897-fef6-44be-a164-32dd9cd68f3f
29,1,292861.734753875,9105296.7149348,0,1,1,1,b7793897-fef6-44be-a164-32dd9cd68f3f
29,1,292834.171018293,9105200.5887652,0,1,1,1,b7793897-fef6-44be-a164-32dd9cd68f3f
29,1,292738.0448487,9105228.15250078,0,1,1,1,b7793897-fef6-44be-a164-32dd9cd68f3f
30,1,292834.171018293,9105200.5887652,0,1000,1000,100,0ed935c1-4fe2-4f24-a36e-7c0a5bf2c422
30,1,292861.734753875,9105296.7149348,0,1000,1000,100,0ed935c1-4fe2-4f24-a36e-7c0a5bf2c422
30,1,292957.860923469,9105269.15119921,0,1000,1000,100,0ed935c1-4fe2-4f24-a36e-7c0a5bf2c422
30,1,292930.297187887,9105173.02502962,0,1000,1000,100,0ed935c1-4fe2-4f24-a36e-7c0a5bf2c422
30,1,292834.171018293,9105200.5887652,0,1000,1000,100,0ed935c1-4fe2-4f24-a36e-7c0a5bf2c422
31,1,292930.297187887,9105173.02502962,0,1000,1000,100,3c8d97e5-ab1a-4bb3-979a-85adafc6df05
31,1,292957.860923469,9105269.15119921,0,1000,1000,100,3c8d97e5-ab1a-4bb3-979a-85adafc6df05
31,1,293053.987093063,9105241.58746363,0,1000,1000,100,3c8d97e5-ab1a-4bb3-979a-85adafc6df05
31,1,293026.423357481,9105145.46129404,0,1000,1000,100,3c8d97e5-ab1a-4bb3-979a-85adafc6df05
31,1,292930.297187887,9105173.02502962,0,1000,1000,100,3c8d97e5-ab1a-4bb3-979a-85adafc6df05
32,1,293026.423357481,9105145.46129404,0,1000,1000,100,389702ff-1dae-4be1-9ffa-03b89d257d08
32,1,293053.987093063,9105241.58746363,0,1000,1000,100,389702ff-1dae-4be1-9ffa-03b89d257d08
32,1,293150.113262657,9105214.02372805,0,1000,1000,100,389702ff-1dae-4be1-9ffa-03b89d257d08
32,1,293122.549527075,9105117.89755846,0,1000,1000,100,389702ff-1dae-4be1-9ffa-03b89d257d08
32,1,293026.423357481,9105145.46129404,0,1000,1000,100,389702ff-1dae-4be1-9ffa-03b89d257d08
33,1,292037.597925961,9105324.97248026,0,1,1,1,2c202111-f022-4953-90f3-4e1c6d555def
33,1,292065.161661543,9105421.09864986,0,1,1,1,2c202111-f022-4953-90f3-4e1c6d555def
33,1,292161.287831137,9105393.53491427,0,1,1,1,2c202111-f022-4953-90f3-4e1c6d555def
33,1,292133.724095555,9105297.40874468,0,1,1,1,2c202111-f022-4953-90f3-4e1c6d555def
33,1,292037.597925961,9105324.97248026,0,1,1,1,2c202111-f022-4953-90f3-4e1c6d555def
34,1,292133.724095555,9105297.40874468,0,1,1,1,5f727512-32b7-4985-ab42-a3575557a8bf
34,1,292161.287831137,9105393.53491427,0,1,1,1,5f727512-32b7-4985-ab42-a3575557a8bf
34,1,292257.414000731,9105365.97117869,0,1,1,1,5f727512-32b7-4985-ab42-a3575557a8bf
34,1,292229.850265149,9105269.8450091,0,1,1,1,5f727512-32b7-4985-ab42-a3575557a8bf
34,1,292133.724095555,9105297.40874468,0,1,1,1,5f727512-32b7-4985-ab42-a3575557a8bf
35,1,292229.850265149,9105269.8450091,0,1,1,1,a05b0275-6e2b-429e-9ad3-07de6a12625a
35,1,292257.414000731,9105365.97117869,0,1,1,1,a05b0275-6e2b-429e-9ad3-07de6a12625a
35,1,292353.540170324,9105338.40744311,0,1,1,1,a05b0275-6e2b-429e-9ad3-07de6a12625a
35,1,292325.976434743,9105242.28127352,0,1,1,1,a05b0275-6e2b-429e-9ad3-07de6a12625a
35,1,292229.850265149,9105269.8450091,0,1,1,1,a05b0275-6e2b-429e-9ad3-07de6a12625a
36,1,292325.976434743,9105242.28127352,0,1,1,1,fbac5a8f-2cdf-4bd8-93be-3d76584f4410
36,1,292353.540170324,9105338.40744311,0,1,1,1,fbac5a8f-2cdf-4bd8-93be-3d76584f4410
36,1,292449.666339918,9105310.84370753,0,1,1,1,fbac5a8f-2cdf-4bd8-93be-3d76584f4410
36,1,292422.102604336,9105214.71753794,0,1,1,1,fbac5a8f-2cdf-4bd8-93be-3d76584f4410
36,1,292325.976434743,9105242.28127352,0,1,1,1,fbac5a8f-2cdf-4bd8-93be-3d76584f4410
37,1,292422.102604336,9105214.71753794,0,1,1,1,b32bcd4b-a7c5-45be-a7c2-74e38e970da8
37,1,292449.666339918,9105310.84370753,0,1,1,1,b32bcd4b-a7c5-45be-a7c2-74e38e970da8
37,1,292545.792509512,9105283.27997195,0,1,1,1,b32bcd4b-a7c5-45be-a7c2-74e38e970da8
37,1,292518.22877393,9105187.15380235,0,1,1,1,b32bcd4b-a7c5-45be-a7c2-74e38e970da8
37,1,292422.102604336,9105214.71753794,0,1,1,1,b32bcd4b-a7c5-45be-a7c2-74e38e970da8
38,1,292518.22877393,9105187.15380235,0,1,1,1,569ed084-13bf-45b4-a917-e7fdac28b44d
38,1,292545.792509512,9105283.27997195,0,1,1,1,569ed084-13bf-45b4-a917-e7fdac28b44d
38,1,292641.918679106,9105255.71623637,0,1,1,1,569ed084-13bf-45b4-a917-e7fdac28b44d
38,1,292614.354943524,9105159.59006677,0,1,1,1,569ed084-13bf-45b4-a917-e7fdac28b44d
38,1,292518.22877393,9105187.15380235,0,1,1,1,569ed084-13bf-45b4-a917-e7fdac28b44d
39,1,292614.354943524,9105159.59006677,0,1,1,1,68270b52-92fc-478b-8500-d5a290a28c17
39,1,292641.918679106,9105255.71623637,0,1,1,1,68270b52-92fc-478b-8500-d5a290a28c17
39,1,292738.0448487,9105228.15250078,0,1,1,1,68270b52-92fc-478b-8500-d5a290a28c17
39,1,292710.481113118,9105132.02633119,0,1,1,1,68270b52-92fc-478b-8500-d5a290a28c17
39,1,292614.354943524,9105159.59006677,0,1,1,1,68270b52-92fc-478b-8500-d5a290a28c17
40,1,292710.481113118,9105132.02633119,0,1,1,1,3b65c291-abfe-4b9f-89fc-c23d17347972
40,1,292738.0448487,9105228.15250078,0,1,1,1,3b65c291-abfe-4b9f-89fc-c23d17347972
40,1,292834.171018293,9105200.5887652,0,1,1,1,3b65c291-abfe-4b9f-89fc-c23d17347972
40,1,292806.607282712,9105104.46259561,0,1,1,1,3b65c291-abfe-4b9f-89fc-c23d17347972
40,1,292710.481113118,9105132.02633119,0,1,1,1,3b65c291-abfe-4b9f-89fc-c23d17347972
41,1,292806.607282712,9105104.46259561,0,1000,1000,100,39394c65-8d51-4645-a201-c6258a24dede
41,1,292834.171018293,9105200.5887652,0,1000,1000,100,39394c65-8d51-4645-a201-c6258a24dede
41,1,292930.297187887,9105173.02502962,0,1000,1000,100,39394c65-8d51-4645-a201-c6258a24dede
41,1,292902.733452306,9105076.89886003,0,1000,1000,100,39394c65-8d51-4645-a201-c6258a24dede
41,1,292806.607282712,9105104.46259561,0,1000,1000,100,39394c65-8d51-4645-a201-c6258a24dede
42,1,292902.733452306,9105076.89886003,0,1000,1000,100,507a5648-892d-478f-accd-21d843259873
42,1,292930.297187887,9105173.02502962,0,1000,1000,100,507a5648-892d-478f-accd-21d843259873
42,1,293026.423357481,9105145.46129404,0,1000,1000,100,507a5648-892d-478f-accd-21d843259873
42,1,292998.859621899,9105049.33512444,0,1000,1000,100,507a5648-892d-478f-accd-21d843259873
42,1,292902.733452306,9105076.89886003,0,1000,1000,100,507a5648-892d-478f-accd-21d843259873
43,1,292998.859621899,9105049.33512444,0,1000,1000,100,4af6a7eb-424a-4beb-9c78-d797dacf43c4
43,1,293026.423357481,9105145.46129404,0,1000,1000,100,4af6a7eb-424a-4beb-9c78-d797dacf43c4
43,1,293122.549527075,9105117.89755846,0,1000,1000,100,4af6a7eb-424a-4beb-9c78-d797dacf43c4
43,1,293094.985791493,9105021.77138886,0,1000,1000,100,4af6a7eb-424a-4beb-9c78-d797dacf43c4
43,1,292998.859621899,9105049.33512444,0,1000,1000,100,4af6a7eb-424a-4beb-9c78-d797dacf43c4
44,1,292010.034190379,9105228.84631067,0,1,1,1,2152276f-1c19-4a92-96f8-fc87eff1e4cb
44,1,292037.597925961,9105324.97248026,0,1,1,1,2152276f-1c19-4a92-96f8-fc87eff1e4cb
44,1,292133.724095555,9105297.40874468,0,1,1,1,2152276f-1c19-4a92-96f8-fc87eff1e4cb
44,1,292106.160359973,9105201.28257509,0,1,1,1,2152276f-1c19-4a92-96f8-fc87eff1e4cb
44,1,292010.034190379,9105228.84631067,0,1,1,1,2152276f-1c19-4a92-96f8-fc87eff1e4cb
45,1,292106.160359973,9105201.28257509,0,1,1,1,4ef803d4-5057-4118-912c-82f3cb50f657
45,1,292133.724095555,9105297.40874468,0,1,1,1,4ef803d4-5057-4118-912c-82f3cb50f657
45,1,292229.850265149,9105269.8450091,0,1,1,1,4ef803d4-5057-4118-912c-82f3cb50f657
45,1,292202.286529567,9105173.71883951,0,1,1,1,4ef803d4-5057-4118-912c-82f3cb50f657
45,1,292106.160359973,9105201.28257509,0,1,1,1,4ef803d4-5057-4118-912c-82f3cb50f657
46,1,292202.286529567,9105173.71883951,0,1,1,1,3d791901-58c8-49eb-8744-f2fcc81eb80e
46,1,292229.850265149,9105269.8450091,0,1,1,1,3d791901-58c8-49eb-8744-f2fcc81eb80e
46,1,292325.976434743,9105242.28127352,0,1,1,1,3d791901-58c8-49eb-8744-f2fcc81eb80e
46,1,292298.412699161,9105146.15510392,0,1,1,1,3d791901-58c8-49eb-8744-f2fcc81eb80e
46,1,292202.286529567,9105173.71883951,0,1,1,1,3d791901-58c8-49eb-8744-f2fcc81eb80e
47,1,292298.412699161,9105146.15510392,0,1,1,1,f939b3bd-ca4d-4363-b749-358a924c2b86
47,1,292325.976434743,9105242.28127352,0,1,1,1,f939b3bd-ca4d-4363-b749-358a924c2b86
47,1,292422.102604336,9105214.71753794,0,1,1,1,f939b3bd-ca4d-4363-b749-358a924c2b86
47,1,292394.538868755,9105118.59136834,0,1,1,1,f939b3bd-ca4d-4363-b749-358a924c2b86
47,1,292298.412699161,9105146.15510392,0,1,1,1,f939b3bd-ca4d-4363-b749-358a924c2b86
48,1,292394.538868755,9105118.59136834,0,1,1,1,a4c7c002-44c5-4515-a96d-c8d532b72a59
48,1,292422.102604336,9105214.71753794,0,1,1,1,a4c7c002-44c5-4515-a96d-c8d532b72a59
48,1,292518.22877393,9105187.15380235,0,1,1,1,a4c7c002-44c5-4515-a96d-c8d532b72a59
48,1,292490.665038349,9105091.02763276,0,1,1,1,a4c7c002-44c5-4515-a96d-c8d532b72a59
48,1,292394.538868755,9105118.59136834,0,1,1,1,a4c7c002-44c5-4515-a96d-c8d532b72a59
49,1,292490.665038349,9105091.02763276,0,1,1,1,3211bcd8-42b5-4e22-9753-10ff8496942b
49,1,292518.22877393,9105187.15380235,0,1,1,1,3211bcd8-42b5-4e22-9753-10ff8496942b
49,1,292614.354943524,9105159.59006677,0,1,1,1,3211bcd8-42b5-4e22-9753-10ff8496942b
49,1,292586.791207942,9105063.46389718,0,1,1,1,3211bcd8-42b5-4e22-9753-10ff8496942b
49,1,292490.665038349,9105091.02763276,0,1,1,1,3211bcd8-42b5-4e22-9753-10ff8496942b
50,1,292586.791207942,9105063.46389718,0,1,1,1,ab178eaf-bf72-4877-bfba-0a327c167d55
50,1,292614.354943524,9105159.59006677,0,1,1,1,ab178eaf-bf72-4877-bfba-0a327c167d55
50,1,292710.481113118,9105132.02633119,0,1,1,1,ab178eaf-bf72-4877-bfba-0a327c167d55
50,1,292682.917377536,9105035.9001616,0,1,1,1,ab178eaf-bf72-4877-bfba-0a327c167d55
50,1,292586.791207942,9105063.46389718,0,1,1,1,ab178eaf-bf72-4877-bfba-0a327c167d55
51,1,292682.917377536,9105035.9001616,0,1000,1000,100,6c30f781-2531-48bb-b804-393f6e2a560e
51,1,292710.481113118,9105132.02633119,0,1000,1000,100,6c30f781-2531-48bb-b804-393f6e2a560e
51,1,292806.607282712,9105104.46259561,0,1000,1000,100,6c30f781-2531-48bb-b804-393f6e2a560e
51,1,292779.04354713,9105008.33642601,0,1000,1000,100,6c30f781-2531-48bb-b804-393f6e2a560e
51,1,292682.917377536,9105035.9001616,0,1000,1000,100,6c30f781-2531-48bb-b804-393f6e2a560e
52,1,292779.04354713,9105008.33642601,0,1000,1000,100,ce7ff02d-fc70-4c6d-93ee-de8fee8bf259
52,1,292806.607282712,9105104.46259561,0,1000,1000,100,ce7ff02d-fc70-4c6d-93ee-de8fee8bf259
52,1,292902.733452306,9105076.89886003,0,1000,1000,100,ce7ff02d-fc70-4c6d-93ee-de8fee8bf259
52,1,292875.169716724,9104980.77269043,0,1000,1000,100,ce7ff02d-fc70-4c6d-93ee-de8fee8bf259
52,1,292779.04354713,9105008.33642601,0,1000,1000,100,ce7ff02d-fc70-4c6d-93ee-de8fee8bf259
53,1,292875.169716724,9104980.77269043,0,1000,1000,100,df12773b-f32c-47d5-8305-c39cfb804025
53,1,292902.733452306,9105076.89886003,0,1000,1000,100,df12773b-f32c-47d5-8305-c39cfb804025
53,1,292998.859621899,9105049.33512444,0,1000,1000,100,df12773b-f32c-47d5-8305-c39cfb804025
53,1,292971.295886318,9104953.20895485,0,1000,1000,100,df12773b-f32c-47d5-8305-c39cfb804025
53,1,292875.169716724,9104980.77269043,0,1000,1000,100,df12773b-f32c-47d5-8305-c39cfb804025
54,1,292971.295886318,9104953.20895485,0,1000,1000,100,595cabf5-15c7-4cd6-8db4-c08e1adfdfb2
54,1,292998.859621899,9105049.33512444,0,1000,1000,100,595cabf5-15c7-4cd6-8db4-c08e1adfdfb2
54,1,293094.985791493,9105021.77138886,0,1000,1000,100,595cabf5-15c7-4cd6-8db4-c08e1adfdfb2
54,1,293067.422055912,9104925.64521927,0,1000,1000,100,595cabf5-15c7-4cd6-8db4-c08e1adfdfb2
54,1,292971.295886318,9104953.20895485,0,1000,1000,100,595cabf5-15c7-4cd6-8db4-c08e1adfdfb2
55,1,291982.470454798,9105132.72014107,0,1,1,1,18518dca-1952-43a4-859b-2c1640acc51b
55,1,292010.034190379,9105228.84631067,0,1,1,1,18518dca-1952-43a4-859b-2c1640acc51b
55,1,292106.160359973,9105201.28257509,0,1,1,1,18518dca-1952-43a4-859b-2c1640acc51b
55,1,292078.596624392,9105105.15640549,0,1,1,1,18518dca-1952-43a4-859b-2c1640acc51b
55,1,291982.470454798,9105132.72014107,0,1,1,1,18518dca-1952-43a4-859b-2c1640acc51b
56,1,292078.596624392,9105105.15640549,0,1,1,1,1b330559-e852-47e4-9f0a-c0ee1c9b3227
56,1,292106.160359973,9105201.28257509,0,1,1,1,1b330559-e852-47e4-9f0a-c0ee1c9b3227
56,1,292202.286529567,9105173.71883951,0,1,1,1,1b330559-e852-47e4-9f0a-c0ee1c9b3227
56,1,292174.722793985,9105077.59266991,0,1,1,1,1b330559-e852-47e4-9f0a-c0ee1c9b3227
56,1,292078.596624392,9105105.15640549,0,1,1,1,1b330559-e852-47e4-9f0a-c0ee1c9b3227
57,1,292174.722793985,9105077.59266991,0,1,1,1,bddaa4b1-65fe-421f-8023-01123241db02
57,1,292202.286529567,9105173.71883951,0,1,1,1,bddaa4b1-65fe-421f-8023-01123241db02
57,1,292298.412699161,9105146.15510392,0,1,1,1,bddaa4b1-65fe-421f-8023-01123241db02
57,1,292270.848963579,9105050.02893433,0,1,1,1,bddaa4b1-65fe-421f-8023-01123241db02
57,1,292174.722793985,9105077.59266991,0,1,1,1,bddaa4b1-65fe-421f-8023-01123241db02
58,1,292270.848963579,9105050.02893433,0,1,1,1,a22335db-ba7a-4d09-909d-034b3c9b2026
58,1,292298.412699161,9105146.15510392,0,1,1,1,a22335db-ba7a-4d09-909d-034b3c9b2026
58,1,292394.538868755,9105118.59136834,0,1,1,1,a22335db-ba7a-4d09-909d-034b3c9b2026
58,1,292366.975133173,9105022.46519875,0,1,1,1,a22335db-ba7a-4d09-909d-034b3c9b2026
58,1,292270.848963579,9105050.02893433,0,1,1,1,a22335db-ba7a-4d09-909d-034b3c9b2026
59,1,292366.975133173,9105022.46519875,0,1,1,1,c4d52603-e6fa-46f4-9496-f94450cb9479
59,1,292394.538868755,9105118.59136834,0,1,1,1,c4d52603-e6fa-46f4-9496-f94450cb9479
59,1,292490.665038349,9105091.02763276,0,1,1,1,c4d52603-e6fa-46f4-9496-f94450cb9479
59,1,292463.101302767,9104994.90146317,0,1,1,1,c4d52603-e6fa-46f4-9496-f94450cb9479
59,1,292366.975133173,9105022.46519875,0,1,1,1,c4d52603-e6fa-46f4-9496-f94450cb9479
60,1,292463.101302767,9104994.90146317,0,1,1,1,fcde9aec-464c-44c5-b931-15bf05f148db
60,1,292490.665038349,9105091.02763276,0,1,1,1,fcde9aec-464c-44c5-b931-15bf05f148db
60,1,292586.791207942,9105063.46389718,0,1,1,1,fcde9aec-464c-44c5-b931-15bf05f148db
60,1,292559.227472361,9104967.33772758,0,1,1,1,fcde9aec-464c-44c5-b931-15bf05f148db
60,1,292463.101302767,9104994.90146317,0,1,1,1,fcde9aec-464c-44c5-b931-15bf05f148db
61,1,292559.227472361,9104967.33772758,0,1,1,1,bc2f723f-f6ef-4d20-ad39-33c77971bc83
61,1,292586.791207942,9105063.46389718,0,1,1,1,bc2f723f-f6ef-4d20-ad39-33c77971bc83
61,1,292682.917377536,9105035.9001616,0,1,1,1,bc2f723f-f6ef-4d20-ad39-33c77971bc83
61,1,292655.353641955,9104939.773992,0,1,1,1,bc2f723f-f6ef-4d20-ad39-33c77971bc83
61,1,292559.227472361,9104967.33772758,0,1,1,1,bc2f723f-f6ef-4d20-ad39-33c77971bc83
62,1,292655.353641955,9104939.773992,0,1,1,1,bbbb8e52-b550-49d2-8f1d-33ecb54fd4be
62,1,292682.917377536,9105035.9001616,0,1,1,1,bbbb8e52-b550-49d2-8f1d-33ecb54fd4be
62,1,292779.04354713,9105008.33642601,0,1,1,1,bbbb8e52-b550-49d2-8f1d-33ecb54fd4be
62,1,292751.479811548,9104912.21025642,0,1,1,1,bbbb8e52-b550-49d2-8f1d-33ecb54fd4be
62,1,292655.353641955,9104939.773992,0,1,1,1,bbbb8e52-b550-49d2-8f1d-33ecb54fd4be
63,1,292751.479811548,9104912.21025642,0,1000,1000,100,2bb678a5-094f-4bc3-83ce-58d7f2b0d6f2
63,1,292779.04354713,9105008.33642601,0,1000,1000,100,2bb678a5-094f-4bc3-83ce-58d7f2b0d6f2
63,1,292875.169716724,9104980.77269043,0,1000,1000,100,2bb678a5-094f-4bc3-83ce-58d7f2b0d6f2
63,1,292847.605981142,9104884.64652084,0,1000,1000,100,2bb678a5-094f-4bc3-83ce-58d7f2b0d6f2
63,1,292751.479811548,9104912.21025642,0,1000,1000,100,2bb678a5-094f-4bc3-83ce-58d7f2b0d6f2
64,1,292847.605981142,9104884.64652084,0,1000,1000,100,cebdcd5f-d078-47c3-b13c-ae7884d4d087
64,1,292875.169716724,9104980.77269043,0,1000,1000,100,cebdcd5f-d078-47c3-b13c-ae7884d4d087
64,1,292971.295886318,9104953.20895485,0,1000,1000,100,cebdcd5f-d078-47c3-b13c-ae7884d4d087
64,1,292943.732150736,9104857.08278526,0,1000,1000,100,cebdcd5f-d078-47c3-b13c-ae7884d4d087
64,1,292847.605981142,9104884.64652084,0,1000,1000,100,cebdcd5f-d078-47c3-b13c-ae7884d4d087
65,1,292943.732150736,9104857.08278526,0,1000,1000,100,3228608b-502a-4a27-bcb4-3f8bd96b1dbc
65,1,292971.295886318,9104953.20895485,0,1000,1000,100,3228608b-502a-4a27-bcb4-3f8bd96b1dbc
65,1,293067.422055912,9104925.64521927,0,1000,1000,100,3228608b-502a-4a27-bcb4-3f8bd96b1dbc
65,1,293039.85832033,9104829.51904968,0,1000,1000,100,3228608b-502a-4a27-bcb4-3f8bd96b1dbc
65,1,292943.732150736,9104857.08278526,0,1000,1000,100,3228608b-502a-4a27-bcb4-3f8bd96b1dbc
66,1,291954.906719216,9105036.59397148,0,1,1,1,b100d5b1-da77-46f7-9761-659877ceaf13
66,1,291982.470454798,9105132.72014107,0,1,1,1,b100d5b1-da77-46f7-9761-659877ceaf13
66,1,292078.596624392,9105105.15640549,0,1,1,1,b100d5b1-da77-46f7-9761-659877ceaf13
66,1,292051.03288881,9105009.0302359,0,1,1,1,b100d5b1-da77-46f7-9761-659877ceaf13
66,1,291954.906719216,9105036.59397148,0,1,1,1,b100d5b1-da77-46f7-9761-659877ceaf13
67,1,292051.03288881,9105009.0302359,0,1,1,1,c263acad-73bd-40c4-a642-32c2443bfe6d
67,1,292078.596624392,9105105.15640549,0,1,1,1,c263acad-73bd-40c4-a642-32c2443bfe6d
67,1,292174.722793985,9105077.59266991,0,1,1,1,c263acad-73bd-40c4-a642-32c2443bfe6d
67,1,292147.159058404,9104981.46650032,0,1,1,1,c263acad-73bd-40c4-a642-32c2443bfe6d
67,1,292051.03288881,9105009.0302359,0,1,1,1,c263acad-73bd-40c4-a642-32c2443bfe6d
68,1,292147.159058404,9104981.46650032,0,1,1,1,6c79d5da-c56e-4d07-aa9c-86f62cd2c159
68,1,292174.722793985,9105077.59266991,0,1,1,1,6c79d5da-c56e-4d07-aa9c-86f62cd2c159
68,1,292270.848963579,9105050.02893433,0,1,1,1,6c79d5da-c56e-4d07-aa9c-86f62cd2c159
68,1,292243.285227998,9104953.90276474,0,1,1,1,6c79d5da-c56e-4d07-aa9c-86f62cd2c159
68,1,292147.159058404,9104981.46650032,0,1,1,1,6c79d5da-c56e-4d07-aa9c-86f62cd2c159
69,1,292243.285227998,9104953.90276474,0,1,1,1,617060aa-c25f-4813-afc6-2c08656f6578
69,1,292270.848963579,9105050.02893433,0,1,1,1,617060aa-c25f-4813-afc6-2c08656f6578
69,1,292366.975133173,9105022.46519875,0,1,1,1,617060aa-c25f-4813-afc6-2c08656f6578
69,1,292339.411397591,9104926.33902915,0,1,1,1,617060aa-c25f-4813-afc6-2c08656f6578
69,1,292243.285227998,9104953.90276474,0,1,1,1,617060aa-c25f-4813-afc6-2c08656f6578
70,1,292339.411397591,9104926.33902915,0,1,1,1,664cf55d-25e2-4150-8d16-9d9704aab6a8
70,1,292366.975133173,9105022.46519875,0,1,1,1,664cf55d-25e2-4150-8d16-9d9704aab6a8
70,1,292463.101302767,9104994.90146317,0,1,1,1,664cf55d-25e2-4150-8d16-9d9704aab6a8
70,1,292435.537567185,9104898.77529357,0,1,1,1,664cf55d-25e2-4150-8d16-9d9704aab6a8
70,1,292339.411397591,9104926.33902915,0,1,1,1,664cf55d-25e2-4150-8d16-9d9704aab6a8
71,1,292435.537567185,9104898.77529357,0,1,1,1,d00cfbb0-3d14-43d0-ac2c-3874497646d3
71,1,292463.101302767,9104994.90146317,0,1,1,1,d00cfbb0-3d14-43d0-ac2c-3874497646d3
71,1,292559.227472361,9104967.33772758,0,1,1,1,d00cfbb0-3d14-43d0-ac2c-3874497646d3
71,1,292531.663736779,9104871.21155799,0,1,1,1,d00cfbb0-3d14-43d0-ac2c-3874497646d3
71,1,292435.537567185,9104898.77529357,0,1,1,1,d00cfbb0-3d14-43d0-ac2c-3874497646d3
72,1,292531.663736779,9104871.21155799,0,1,1,1,12928697-4679-4e93-994a-6f2e924cbe27
72,1,292559.227472361,9104967.33772758,0,1,1,1,12928697-4679-4e93-994a-6f2e924cbe27
72,1,292655.353641955,9104939.773992,0,1,1,1,12928697-4679-4e93-994a-6f2e924cbe27
72,1,292627.789906373,9104843.64782241,0,1,1,1,12928697-4679-4e93-994a-6f2e924cbe27
72,1,292531.663736779,9104871.21155799,0,1,1,1,12928697-4679-4e93-994a-6f2e924cbe27
73,1,292627.789906373,9104843.64782241,0,1,1,1,23d10d84-af08-4ed5-8d1b-78d4b5c407af
73,1,292655.353641955,9104939.773992,0,1,1,1,23d10d84-af08-4ed5-8d1b-78d4b5c407af
73,1,292751.479811548,9104912.21025642,0,1,1,1,23d10d84-af08-4ed5-8d1b-78d4b5c407af
73,1,292723.916075967,9104816.08408683,0,1,1,1,23d10d84-af08-4ed5-8d1b-78d4b5c407af
73,1,292627.789906373,9104843.64782241,0,1,1,1,23d10d84-af08-4ed5-8d1b-78d4b5c407af
74,1,292723.916075967,9104816.08408683,0,1000,1000,100,105df44c-a842-446a-9cf7-b519fb819345
74,1,292751.479811548,9104912.21025642,0,1000,1000,100,105df44c-a842-446a-9cf7-b519fb819345
74,1,292847.605981142,9104884.64652084,0,1000,1000,100,105df44c-a842-446a-9cf7-b519fb819345
74,1,292820.042245561,9104788.52035125,0,1000,1000,100,105df44c-a842-446a-9cf7-b519fb819345
74,1,292723.916075967,9104816.08408683,0,1000,1000,100,105df44c-a842-446a-9cf7-b519fb819345
75,1,292820.042245561,9104788.52035125,0,1000,1000,100,bd8ac0e9-d612-46b3-a5aa-0fd1f3c1a63f
75,1,292847.605981142,9104884.64652084,0,1000,1000,100,bd8ac0e9-d612-46b3-a5aa-0fd1f3c1a63f
75,1,292943.732150736,9104857.08278526,0,1000,1000,100,bd8ac0e9-d612-46b3-a5aa-0fd1f3c1a63f
75,1,292916.168415154,9104760.95661566,0,1000,1000,100,bd8ac0e9-d612-46b3-a5aa-0fd1f3c1a63f
75,1,292820.042245561,9104788.52035125,0,1000,1000,100,bd8ac0e9-d612-46b3-a5aa-0fd1f3c1a63f
76,1,292916.168415154,9104760.95661566,0,1000,1000,100,dacfbe83-9ae7-4f45-a0f3-6635887b07dd
76,1,292943.732150736,9104857.08278526,0,1000,1000,100,dacfbe83-9ae7-4f45-a0f3-6635887b07dd
76,1,293039.85832033,9104829.51904968,0,1000,1000,100,dacfbe83-9ae7-4f45-a0f3-6635887b07dd
76,1,293012.294584748,9104733.39288008,0,1000,1000,100,dacfbe83-9ae7-4f45-a0f3-6635887b07dd
76,1,292916.168415154,9104760.95661566,0,1000,1000,100,dacfbe83-9ae7-4f45-a0f3-6635887b07dd
77,1,291927.342983634,9104940.46780189,0,1,1,1,e81d7b56-293f-4f10-b6cf-400f35ab61cf
77,1,291954.906719216,9105036.59397148,0,1,1,1,e81d7b56-293f-4f10-b6cf-400f35ab61cf
77,1,292051.03288881,9105009.0302359,0,1,1,1,e81d7b56-293f-4f10-b6cf-400f35ab61cf
77,1,292023.469153228,9104912.90406631,0,1,1,1,e81d7b56-293f-4f10-b6cf-400f35ab61cf
77,1,291927.342983634,9104940.46780189,0,1,1,1,e81d7b56-293f-4f10-b6cf-400f35ab61cf
78,1,292023.469153228,9104912.90406631,0,1,1,1,49f05828-b9b2-46c9-982b-a964f5a02912
78,1,292051.03288881,9105009.0302359,0,1,1,1,49f05828-b9b2-46c9-982b-a964f5a02912
78,1,292147.159058404,9104981.46650032,0,1,1,1,49f05828-b9b2-46c9-982b-a964f5a02912
78,1,292119.595322822,9104885.34033072,0,1,1,1,49f05828-b9b2-46c9-982b-a964f5a02912
78,1,292023.469153228,9104912.90406631,0,1,1,1,49f05828-b9b2-46c9-982b-a964f5a02912
79,1,292119.595322822,9104885.34033072,0,1,1,1,36a491f5-6712-4831-8cc6-6d7bbe502a37
79,1,292147.159058404,9104981.46650032,0,1,1,1,36a491f5-6712-4831-8cc6-6d7bbe502a37
79,1,292243.285227998,9104953.90276474,0,1,1,1,36a491f5-6712-4831-8cc6-6d7bbe502a37
79,1,292215.721492416,9104857.77659514,0,1,1,1,36a491f5-6712-4831-8cc6-6d7bbe502a37
79,1,292119.595322822,9104885.34033072,0,1,1,1,36a491f5-6712-4831-8cc6-6d7bbe502a37
80,1,292215.721492416,9104857.77659514,0,1,1,1,cf6e31c2-a0b9-4fb0-ac94-2c58879b743b
80,1,292243.285227998,9104953.90276474,0,1,1,1,cf6e31c2-a0b9-4fb0-ac94-2c58879b743b
80,1,292339.411397591,9104926.33902915,0,1,1,1,cf6e31c2-a0b9-4fb0-ac94-2c58879b743b
80,1,292311.84766201,9104830.21285956,0,1,1,1,cf6e31c2-a0b9-4fb0-ac94-2c58879b743b
80,1,292215.721492416,9104857.77659514,0,1,1,1,cf6e31c2-a0b9-4fb0-ac94-2c58879b743b
81,1,292311.84766201,9104830.21285956,0,1,1,1,49b7f475-e602-44aa-a2b7-0bd418fd9d0f
81,1,292339.411397591,9104926.33902915,0,1,1,1,49b7f475-e602-44aa-a2b7-0bd418fd9d0f
81,1,292435.537567185,9104898.77529357,0,1,1,1,49b7f475-e602-44aa-a2b7-0bd418fd9d0f
81,1,292407.973831603,9104802.64912398,0,1,1,1,49b7f475-e602-44aa-a2b7-0bd418fd9d0f
81,1,292311.84766201,9104830.21285956,0,1,1,1,49b7f475-e602-44aa-a2b7-0bd418fd9d0f
82,1,292407.973831603,9104802.64912398,0,1,1,1,42569af6-2fa9-4394-af27-e3e2b7f5856a
82,1,292435.537567185,9104898.77529357,0,1,1,1,42569af6-2fa9-4394-af27-e3e2b7f5856a
82,1,292531.663736779,9104871.21155799,0,1,1,1,42569af6-2fa9-4394-af27-e3e2b7f5856a
82,1,292504.100001197,9104775.0853884,0,1,1,1,42569af6-2fa9-4394-af27-e3e2b7f5856a
82,1,292407.973831603,9104802.64912398,0,1,1,1,42569af6-2fa9-4394-af27-e3e2b7f5856a
83,1,292504.100001197,9104775.0853884,0,1,1,1,86833030-ba79-4acf-b42d-13732d6b3ed5
83,1,292531.663736779,9104871.21155799,0,1,1,1,86833030-ba79-4acf-b42d-13732d6b3ed5
83,1,292627.789906373,9104843.64782241,0,1,1,1,86833030-ba79-4acf-b42d-13732d6b3ed5
83,1,292600.226170791,9104747.52165281,0,1,1,1,86833030-ba79-4acf-b42d-13732d6b3ed5
83,1,292504.100001197,9104775.0853884,0,1,1,1,86833030-ba79-4acf-b42d-13732d6b3ed5
84,1,292600.226170791,9104747.52165281,0,1,1,1,26b991c1-f5b3-4ac0-ba7c-5f696f0a15bf
84,1,292627.789906373,9104843.64782241,0,1,1,1,26b991c1-f5b3-4ac0-ba7c-5f696f0a15bf
84,1,292723.916075967,9104816.08408683,0,1,1,1,26b991c1-f5b3-4ac0-ba7c-5f696f0a15bf
84,1,292696.352340385,9104719.95791723,0,1,1,1,26b991c1-f5b3-4ac0-ba7c-5f696f0a15bf
84,1,292600.226170791,9104747.52165281,0,1,1,1,26b991c1-f5b3-4ac0-ba7c-5f696f0a15bf
85,1,292696.352340385,9104719.95791723,0,1000,1000,100,6f671178-ddc1-4b87-abe4-b5f2eb3b1690
85,1,292723.916075967,9104816.08408683,0,1000,1000,100,6f671178-ddc1-4b87-abe4-b5f2eb3b1690
85,1,292820.042245561,9104788.52035125,0,1000,1000,100,6f671178-ddc1-4b87-abe4-b5f2eb3b1690
85,1,292792.478509979,9104692.39418165,0,1000,1000,100,6f671178-ddc1-4b87-abe4-b5f2eb3b1690
85,1,292696.352340385,9104719.95791723,0,1000,1000,100,6f671178-ddc1-4b87-abe4-b5f2eb3b1690
86,1,292792.478509979,9104692.39418165,0,1000,1000,100,b57ddbf2-834e-47dc-9ea4-a7a4535d6950
86,1,292820.042245561,9104788.52035125,0,1000,1000,100,b57ddbf2-834e-47dc-9ea4-a7a4535d6950
86,1,292916.168415154,9104760.95661566,0,1000,1000,100,b57ddbf2-834e-47dc-9ea4-a7a4535d6950
86,1,292888.604679573,9104664.83044607,0,1000,1000,100,b57ddbf2-834e-47dc-9ea4-a7a4535d6950
86,1,292792.478509979,9104692.39418165,0,1000,1000,100,b57ddbf2-834e-47dc-9ea4-a7a4535d6950
87,1,292888.604679573,9104664.83044607,0,1000,1000,100,e940e31b-aa0c-4279-bbf6-bf55a5025314
87,1,292916.168415154,9104760.95661566,0,1000,1000,100,e940e31b-aa0c-4279-bbf6-bf55a5025314
87,1,293012.294584748,9104733.39288008,0,1000,1000,100,e940e31b-aa0c-4279-bbf6-bf55a5025314
87,1,292984.730849166,9104637.26671049,0,1000,1000,100,e940e31b-aa0c-4279-bbf6-bf55a5025314
87,1,292888.604679573,9104664.83044607,0,1000,1000,100,e940e31b-aa0c-4279-bbf6-bf55a5025314
88,1,291899.779248053,9104844.34163229,0,1,1,1,ef15c5f4-1ddc-4c8e-9541-5bb2ff474181
88,1,291927.342983634,9104940.46780189,0,1,1,1,ef15c5f4-1ddc-4c8e-9541-5bb2ff474181
88,1,292023.469153228,9104912.90406631,0,1,1,1,ef15c5f4-1ddc-4c8e-9541-5bb2ff474181
88,1,291995.905417646,9104816.77789671,0,1,1,1,ef15c5f4-1ddc-4c8e-9541-5bb2ff474181
88,1,291899.779248053,9104844.34163229,0,1,1,1,ef15c5f4-1ddc-4c8e-9541-5bb2ff474181
89,1,291995.905417646,9104816.77789671,0,1,1,1,be679bdc-7ee1-4df8-a990-f24076f62226
89,1,292023.469153228,9104912.90406631,0,1,1,1,be679bdc-7ee1-4df8-a990-f24076f62226
89,1,292119.595322822,9104885.34033072,0,1,1,1,be679bdc-7ee1-4df8-a990-f24076f62226
89,1,292092.03158724,9104789.21416113,0,1,1,1,be679bdc-7ee1-4df8-a990-f24076f62226
89,1,291995.905417646,9104816.77789671,0,1,1,1,be679bdc-7ee1-4df8-a990-f24076f62226
90,1,292092.03158724,9104789.21416113,0,1,1,1,96dc02ad-8b96-4b79-aea1-a1225cf21356
90,1,292119.595322822,9104885.34033072,0,1,1,1,96dc02ad-8b96-4b79-aea1-a1225cf21356
90,1,292215.721492416,9104857.77659514,0,1,1,1,96dc02ad-8b96-4b79-aea1-a1225cf21356
90,1,292188.157756834,9104761.65042555,0,1,1,1,96dc02ad-8b96-4b79-aea1-a1225cf21356
90,1,292092.03158724,9104789.21416113,0,1,1,1,96dc02ad-8b96-4b79-aea1-a1225cf21356
91,1,292188.157756834,9104761.65042555,0,1,1,1,44da7981-3ec0-4b33-bdd0-6588513c931e
91,1,292215.721492416,9104857.77659514,0,1,1,1,44da7981-3ec0-4b33-bdd0-6588513c931e
91,1,292311.84766201,9104830.21285956,0,1,1,1,44da7981-3ec0-4b33-bdd0-6588513c931e
91,1,292284.283926428,9104734.08668997,0,1,1,1,44da7981-3ec0-4b33-bdd0-6588513c931e
91,1,292188.157756834,9104761.65042555,0,1,1,1,44da7981-3ec0-4b33-bdd0-6588513c931e
92,1,292284.283926428,9104734.08668997,0,1,1,1,e6ba4240-71e4-47ca-9d34-4d6b5cbe2614
92,1,292311.84766201,9104830.21285956,0,1,1,1,e6ba4240-71e4-47ca-9d34-4d6b5cbe2614
92,1,292407.973831603,9104802.64912398,0,1,1,1,e6ba4240-71e4-47ca-9d34-4d6b5cbe2614
92,1,292380.410096022,9104706.52295438,0,1,1,1,e6ba4240-71e4-47ca-9d34-4d6b5cbe2614
92,1,292284.283926428,9104734.08668997,0,1,1,1,e6ba4240-71e4-47ca-9d34-4d6b5cbe2614
93,1,292380.410096022,9104706.52295438,0,1,1,1,df0a536e-8289-4765-99eb-02acf823b58a
93,1,292407.973831603,9104802.64912398,0,1,1,1,df0a536e-8289-4765-99eb-02acf823b58a
93,1,292504.100001197,9104775.0853884,0,1,1,1,df0a536e-8289-4765-99eb-02acf823b58a
93,1,292476.536265616,9104678.9592188,0,1,1,1,df0a536e-8289-4765-99eb-02acf823b58a
93,1,292380.410096022,9104706.52295438,0,1,1,1,df0a536e-8289-4765-99eb-02acf823b58a
94,1,292476.536265616,9104678.9592188,0,1,1,1,4901cfe2-d338-42fc-b4fb-061182ab68e9
94,1,292504.100001197,9104775.0853884,0,1,1,1,4901cfe2-d338-42fc-b4fb-061182ab68e9
94,1,292600.226170791,9104747.52165281,0,1,1,1,4901cfe2-d338-42fc-b4fb-061182ab68e9
94,1,292572.662435209,9104651.39548322,0,1,1,1,4901cfe2-d338-42fc-b4fb-061182ab68e9
94,1,292476.536265616,9104678.9592188,0,1,1,1,4901cfe2-d338-42fc-b4fb-061182ab68e9
95,1,292572.662435209,9104651.39548322,0,1,1,1,6f4af508-1793-4256-b422-ce87c16b10f8
95,1,292600.226170791,9104747.52165281,0,1,1,1,6f4af508-1793-4256-b422-ce87c16b10f8
95,1,292696.352340385,9104719.95791723,0,1,1,1,6f4af508-1793-4256-b422-ce87c16b10f8
95,1,292668.788604803,9104623.83174764,0,1,1,1,6f4af508-1793-4256-b422-ce87c16b10f8
95,1,292572.662435209,9104651.39548322,0,1,1,1,6f4af508-1793-4256-b422-ce87c16b10f8
96,1,292668.788604803,9104623.83174764,0,1000,1000,100,8dbad42f-213c-4a94-affc-7f918c535002
96,1,292696.352340385,9104719.95791723,0,1000,1000,100,8dbad42f-213c-4a94-affc-7f918c535002
96,1,292792.478509979,9104692.39418165,0,1000,1000,100,8dbad42f-213c-4a94-affc-7f918c535002
96,1,292764.914774397,9104596.26801206,0,1000,1000,100,8dbad42f-213c-4a94-affc-7f918c535002
96,1,292668.788604803,9104623.83174764,0,1000,1000,100,8dbad42f-213c-4a94-affc-7f918c535002
97,1,292764.914774397,9104596.26801206,0,1000,1000,100,ed12bb14-5077-44d0-a4ff-1e7f9ec84eae
97,1,292792.478509979,9104692.39418165,0,1000,1000,100,ed12bb14-5077-44d0-a4ff-1e7f9ec84eae
97,1,292888.604679573,9104664.83044607,0,1000,1000,100,ed12bb14-5077-44d0-a4ff-1e7f9ec84eae
97,1,292861.040943991,9104568.70427648,0,1000,1000,100,ed12bb14-5077-44d0-a4ff-1e7f9ec84eae
97,1,292764.914774397,9104596.26801206,0,1000,1000,100,ed12bb14-5077-44d0-a4ff-1e7f9ec84eae
98,1,292861.040943991,9104568.70427648,0,1000,1000,100,0efd55ef-93d7-4cbc-818f-8cfbd7b2e6b1
98,1,292888.604679573,9104664.83044607,0,1000,1000,100,0efd55ef-93d7-4cbc-818f-8cfbd7b2e6b1
98,1,292984.730849166,9104637.26671049,0,1000,1000,100,0efd55ef-93d7-4cbc-818f-8cfbd7b2e6b1
98,1,292957.167113585,9104541.14054089,0,1000,1000,100,0efd55ef-93d7-4cbc-818f-8cfbd7b2e6b1
98,1,292861.040943991,9104568.70427648,0,1000,1000,100,0efd55ef-93d7-4cbc-818f-8cfbd7b2e6b1
99,1,291872.215512471,9104748.2154627,0,1,1,1,28dabdab-01ef-4236-bb41-144182a07e3f
99,1,291899.779248053,9104844.34163229,0,1,1,1,28dabdab-01ef-4236-bb41-144182a07e3f
99,1,291995.905417646,9104816.77789671,0,1,1,1,28dabdab-01ef-4236-bb41-144182a07e3f
99,1,291968.341682065,9104720.65172712,0,1,1,1,28dabdab-01ef-4236-bb41-144182a07e3f
99,1,291872.215512471,9104748.2154627,0,1,1,1,28dabdab-01ef-4236-bb41-144182a07e3f
100,1,291968.341682065,9104720.65172712,0,1,1,1,f3bb1530-fd1d-4e28-8e8c-ae06e224d4b8
100,1,291995.905417646,9104816.77789671,0,1,1,1,f3bb1530-fd1d-4e28-8e8c-ae06e224d4b8
100,1,292092.03158724,9104789.21416113,0,1,1,1,f3bb1530-fd1d-4e28-8e8c-ae06e224d4b8
100,1,292064.467851659,9104693.08799154,0,1,1,1,f3bb1530-fd1d-4e28-8e8c-ae06e224d4b8
100,1,291968.341682065,9104720.65172712,0,1,1,1,f3bb1530-fd1d-4e28-8e8c-ae06e224d4b8
101,1,292064.467851659,9104693.08799154,0,1,1,1,daff4c4e-2f43-4aa1-8e60-4d0ec5e0792a
101,1,292092.03158724,9104789.21416113,0,1,1,1,daff4c4e-2f43-4aa1-8e60-4d0ec5e0792a
101,1,292188.157756834,9104761.65042555,0,1,1,1,daff4c4e-2f43-4aa1-8e60-4d0ec5e0792a
101,1,292160.594021252,9104665.52425595,0,1,1,1,daff4c4e-2f43-4aa1-8e60-4d0ec5e0792a
101,1,292064.467851659,9104693.08799154,0,1,1,1,daff4c4e-2f43-4aa1-8e60-4d0ec5e0792a
102,1,292160.594021252,9104665.52425595,0,1,1,1,32a80bdd-32f9-4d5d-9a56-a13f0ccf042e
102,1,292188.157756834,9104761.65042555,0,1,1,1,32a80bdd-32f9-4d5d-9a56-a13f0ccf042e
102,1,292284.283926428,9104734.08668997,0,1,1,1,32a80bdd-32f9-4d5d-9a56-a13f0ccf042e
102,1,292256.720190846,9104637.96052037,0,1,1,1,32a80bdd-32f9-4d5d-9a56-a13f0ccf042e
102,1,292160.594021252,9104665.52425595,0,1,1,1,32a80bdd-32f9-4d5d-9a56-a13f0ccf042e
103,1,292256.720190846,9104637.96052037,0,1,1,1,3f9d251e-deb7-4518-9740-378f666eaedb
103,1,292284.283926428,9104734.08668997,0,1,1,1,3f9d251e-deb7-4518-9740-378f666eaedb
103,1,292380.410096022,9104706.52295438,0,1,1,1,3f9d251e-deb7-4518-9740-378f666eaedb
103,1,292352.84636044,9104610.39678479,0,1,1,1,3f9d251e-deb7-4518-9740-378f666eaedb
103,1,292256.720190846,9104637.96052037,0,1,1,1,3f9d251e-deb7-4518-9740-378f666eaedb
104,1,292352.84636044,9104610.39678479,0,1,1,1,522a0455-3d8a-4ecb-aace-4cc91edad3ca
104,1,292380.410096022,9104706.52295438,0,1,1,1,522a0455-3d8a-4ecb-aace-4cc91edad3ca
104,1,292476.536265616,9104678.9592188,0,1,1,1,522a0455-3d8a-4ecb-aace-4cc91edad3ca
104,1,292448.972530034,9104582.83304921,0,1,1,1,522a0455-3d8a-4ecb-aace-4cc91edad3ca
104,1,292352.84636044,9104610.39678479,0,1,1,1,522a0455-3d8a-4ecb-aace-4cc91edad3ca
105,1,292448.972530034,9104582.83304921,0,1,1,1,d37226f4-cadf-4223-bd1e-d8fab0205859
105,1,292476.536265616,9104678.9592188,0,1,1,1,d37226f4-cadf-4223-bd1e-d8fab0205859
105,1,292572.662435209,9104651.39548322,0,1,1,1,d37226f4-cadf-4223-bd1e-d8fab0205859
105,1,292545.098699628,9104555.26931363,0,1,1,1,d37226f4-cadf-4223-bd1e-d8fab0205859
105,1,292448.972530034,9104582.83304921,0,1,1,1,d37226f4-cadf-4223-bd1e-d8fab0205859
106,1,292545.098699628,9104555.26931363,0,1,1,1,6512e492-5966-467e-abf8-5f047e42e604
106,1,292572.662435209,9104651.39548322,0,1,1,1,6512e492-5966-467e-abf8-5f047e42e604
106,1,292668.788604803,9104623.83174764,0,1,1,1,6512e492-5966-467e-abf8-5f047e42e604
106,1,292641.224869222,9104527.70557805,0,1,1,1,6512e492-5966-467e-abf8-5f047e42e604
106,1,292545.098699628,9104555.26931363,0,1,1,1,6512e492-5966-467e-abf8-5f047e42e604
107,1,292641.224869222,9104527.70557805,0,1000,1000,100,9d271cb0-5c16-4e76-84d8-50c97b894fc7
107,1,292668.788604803,9104623.83174764,0,1000,1000,100,9d271cb0-5c16-4e76-84d8-50c97b894fc7
107,1,292764.914774397,9104596.26801206,0,1000,1000,100,9d271cb0-5c16-4e76-84d8-50c97b894fc7
107,1,292737.351038815,9104500.14184246,0,1000,1000,100,9d271cb0-5c16-4e76-84d8-50c97b894fc7
107,1,292641.224869222,9104527.70557805,0,1000,1000,100,9d271cb0-5c16-4e76-84d8-50c97b894fc7
108,1,292737.351038815,9104500.14184246,0,1000,1000,100,1ba0a495-23c3-4c89-8276-41c897dc4c90
108,1,292764.914774397,9104596.26801206,0,1000,1000,100,1ba0a495-23c3-4c89-8276-41c897dc4c90
108,1,292861.040943991,9104568.70427648,0,1000,1000,100,1ba0a495-23c3-4c89-8276-41c897dc4c90
108,1,292833.477208409,9104472.57810688,0,1000,1000,100,1ba0a495-23c3-4c89-8276-41c897dc4c90
108,1,292737.351038815,9104500.14184246,0,1000,1000,100,1ba0a495-23c3-4c89-8276-41c897dc4c90
109,1,292833.477208409,9104472.57810688,0,1000,1000,100,6d6fd65b-cb13-4633-8d7e-4bf4922b09e5
109,1,292861.040943991,9104568.70427648,0,1000,1000,100,6d6fd65b-cb13-4633-8d7e-4bf4922b09e5
109,1,292957.167113585,9104541.14054089,0,1000,1000,100,6d6fd65b-cb13-4633-8d7e-4bf4922b09e5
109,1,292929.603378003,9104445.0143713,0,1000,1000,100,6d6fd65b-cb13-4633-8d7e-4bf4922b09e5
109,1,292833.477208409,9104472.57810688,0,1000,1000,100,6d6fd65b-cb13-4633-8d7e-4bf4922b09e5
110,1,291844.651776889,9104652.08929311,0,1,1,1,fcec0c03-e970-4180-a6b1-8283b50e33b9
110,1,291872.215512471,9104748.2154627,0,1,1,1,fcec0c03-e970-4180-a6b1-8283b50e33b9
110,1,291968.341682065,9104720.65172712,0,1,1,1,fcec0c03-e970-4180-a6b1-8283b50e33b9
110,1,291940.777946483,9104624.52555752,0,1,1,1,fcec0c03-e970-4180-a6b1-8283b50e33b9
110,1,291844.651776889,9104652.08929311,0,1,1,1,fcec0c03-e970-4180-a6b1-8283b50e33b9
111,1,291940.777946483,9104624.52555752,0,1,1,1,709bc3a0-fdf5-4253-9896-34dbaa30ce79
111,1,291968.341682065,9104720.65172712,0,1,1,1,709bc3a0-fdf5-4253-9896-34dbaa30ce79
111,1,292064.467851659,9104693.08799154,0,1,1,1,709bc3a0-fdf5-4253-9896-34dbaa30ce79
111,1,292036.904116077,9104596.96182194,0,1,1,1,709bc3a0-fdf5-4253-9896-34dbaa30ce79
111,1,291940.777946483,9104624.52555752,0,1,1,1,709bc3a0-fdf5-4253-9896-34dbaa30ce79
112,1,292036.904116077,9104596.96182194,0,1,1,1,247dce06-13f1-44db-b451-11e634e9b67d
112,1,292064.467851659,9104693.08799154,0,1,1,1,247dce06-13f1-44db-b451-11e634e9b67d
112,1,292160.594021252,9104665.52425595,0,1,1,1,247dce06-13f1-44db-b451-11e634e9b67d
112,1,292133.030285671,9104569.39808636,0,1,1,1,247dce06-13f1-44db-b451-11e634e9b67d
112,1,292036.904116077,9104596.96182194,0,1,1,1,247dce06-13f1-44db-b451-11e634e9b67d
113,1,292133.030285671,9104569.39808636,0,1,1,1,73c1431a-6121-4019-a7e2-43fa52de135e
113,1,292160.594021252,9104665.52425595,0,1,1,1,73c1431a-6121-4019-a7e2-43fa52de135e
113,1,292256.720190846,9104637.96052037,0,1,1,1,73c1431a-6121-4019-a7e2-43fa52de135e
113,1,292229.156455265,9104541.83435078,0,1,1,1,73c1431a-6121-4019-a7e2-43fa52de135e
113,1,292133.030285671,9104569.39808636,0,1,1,1,73c1431a-6121-4019-a7e2-43fa52de135e
114,1,292229.156455265,9104541.83435078,0,1,1,1,3cfd8a24-656b-4de4-a3a0-554b38c58f54
114,1,292256.720190846,9104637.96052037,0,1,1,1,3cfd8a24-656b-4de4-a3a0-554b38c58f54
114,1,292352.84636044,9104610.39678479,0,1,1,1,3cfd8a24-656b-4de4-a3a0-554b38c58f54
114,1,292325.282624858,9104514.2706152,0,1,1,1,3cfd8a24-656b-4de4-a3a0-554b38c58f54
114,1,292229.156455265,9104541.83435078,0,1,1,1,3cfd8a24-656b-4de4-a3a0-554b38c58f54
115,1,292325.282624858,9104514.2706152,0,1,1,1,78086f87-93bc-4c7a-9b12-b5028b0b8f51
115,1,292352.84636044,9104610.39678479,0,1,1,1,78086f87-93bc-4c7a-9b12-b5028b0b8f51
115,1,292448.972530034,9104582.83304921,0,1,1,1,78086f87-93bc-4c7a-9b12-b5028b0b8f51
115,1,292421.408794452,9104486.70687962,0,1,1,1,78086f87-93bc-4c7a-9b12-b5028b0b8f51
115,1,292325.282624858,9104514.2706152,0,1,1,1,78086f87-93bc-4c7a-9b12-b5028b0b8f51
116,1,292421.408794452,9104486.70687962,0,1,1,1,f59e3cd3-8ffa-4b8c-bc73-679df01084de
116,1,292448.972530034,9104582.83304921,0,1,1,1,f59e3cd3-8ffa-4b8c-bc73-679df01084de
116,1,292545.098699628,9104555.26931363,0,1,1,1,f59e3cd3-8ffa-4b8c-bc73-679df01084de
116,1,292517.534964046,9104459.14314403,0,1,1,1,f59e3cd3-8ffa-4b8c-bc73-679df01084de
116,1,292421.408794452,9104486.70687962,0,1,1,1,f59e3cd3-8ffa-4b8c-bc73-679df01084de
117,1,292517.534964046,9104459.14314403,0,1,1,1,1ba659e3-9a7c-4afe-89a9-5bfe443d2626
117,1,292545.098699628,9104555.26931363,0,1,1,1,1ba659e3-9a7c-4afe-89a9-5bfe443d2626
117,1,292641.224869222,9104527.70557805,0,1,1,1,1ba659e3-9a7c-4afe-89a9-5bfe443d2626
117,1,292613.66113364,9104431.57940845,0,1,1,1,1ba659e3-9a7c-4afe-89a9-5bfe443d2626
117,1,292517.534964046,9104459.14314403,0,1,1,1,1ba659e3-9a7c-4afe-89a9-5bfe443d2626
118,1,292613.66113364,9104431.57940845,0,1000,1000,100,c7102c3e-6328-4a81-b97c-89cc8af940c3
118,1,292641.224869222,9104527.70557805,0,1000,1000,100,c7102c3e-6328-4a81-b97c-89cc8af940c3
118,1,292737.351038815,9104500.14184246,0,1000,1000,100,c7102c3e-6328-4a81-b97c-89cc8af940c3
118,1,292709.787303234,9104404.01567287,0,1000,1000,100,c7102c3e-6328-4a81-b97c-89cc8af940c3
118,1,292613.66113364,9104431.57940845,0,1000,1000,100,c7102c3e-6328-4a81-b97c-89cc8af940c3
119,1,292709.787303234,9104404.01567287,0,1000,1000,100,e74f51a0-2bb9-42b5-a60e-3b0e74538e75
119,1,292737.351038815,9104500.14184246,0,1000,1000,100,e74f51a0-2bb9-42b5-a60e-3b0e74538e75
119,1,292833.477208409,9104472.57810688,0,1000,1000,100,e74f51a0-2bb9-42b5-a60e-3b0e74538e75
119,1,292805.913472828,9104376.45193729,0,1000,1000,100,e74f51a0-2bb9-42b5-a60e-3b0e74538e75
119,1,292709.787303234,9104404.01567287,0,1000,1000,100,e74f51a0-2bb9-42b5-a60e-3b0e74538e75
120,1,292805.913472828,9104376.45193729,0,1000,1000,100,a509378e-322c-41b2-89e3-83af7c5e1412
120,1,292833.477208409,9104472.57810688,0,1000,1000,100,a509378e-322c-41b2-89e3-83af7c5e1412
120,1,292929.603378003,9104445.0143713,0,1000,1000,100,a509378e-322c-41b2-89e3-83af7c5e1412
120,1,292902.039642421,9104348.88820171,0,1000,1000,100,a509378e-322c-41b2-89e3-83af7c5e1412
120,1,292805.913472828,9104376.45193729,0,1000,1000,100,a509378e-322c-41b2-89e3-83af7c5e1412
121,1,291817.088041308,9104555.96312351,0,1,1,1,642946f0-5eb2-45a9-ac62-2ab91710ef0f
121,1,291844.651776889,9104652.08929311,0,1,1,1,642946f0-5eb2-45a9-ac62-2ab91710ef0f
121,1,291940.777946483,9104624.52555752,0,1,1,1,642946f0-5eb2-45a9-ac62-2ab91710ef0f
121,1,291913.214210901,9104528.39938793,0,1,1,1,642946f0-5eb2-45a9-ac62-2ab91710ef0f
121,1,291817.088041308,9104555.96312351,0,1,1,1,642946f0-5eb2-45a9-ac62-2ab91710ef0f
122,1,291913.214210901,9104528.39938793,0,1,1,1,f7a82feb-8d0d-45a0-a5a7-c94846b02fdf
122,1,291940.777946483,9104624.52555752,0,1,1,1,f7a82feb-8d0d-45a0-a5a7-c94846b02fdf
122,1,292036.904116077,9104596.96182194,0,1,1,1,f7a82feb-8d0d-45a0-a5a7-c94846b02fdf
122,1,292009.340380495,9104500.83565235,0,1,1,1,f7a82feb-8d0d-45a0-a5a7-c94846b02fdf
122,1,291913.214210901,9104528.39938793,0,1,1,1,f7a82feb-8d0d-45a0-a5a7-c94846b02fdf
123,1,292009.340380495,9104500.83565235,0,1,1,1,812acff2-a6db-4120-9d0a-f5afb4da2417
123,1,292036.904116077,9104596.96182194,0,1,1,1,812acff2-a6db-4120-9d0a-f5afb4da2417
123,1,292133.030285671,9104569.39808636,0,1,1,1,812acff2-a6db-4120-9d0a-f5afb4da2417
123,1,292105.466550089,9104473.27191677,0,1,1,1,812acff2-a6db-4120-9d0a-f5afb4da2417
123,1,292009.340380495,9104500.83565235,0,1,1,1,812acff2-a6db-4120-9d0a-f5afb4da2417
124,1,292105.466550089,9104473.27191677,0,1,1,1,35e05fdc-e668-48e6-9a95-9d4dc63e0d02
124,1,292133.030285671,9104569.39808636,0,1,1,1,35e05fdc-e668-48e6-9a95-9d4dc63e0d02
124,1,292229.156455265,9104541.83435078,0,1,1,1,35e05fdc-e668-48e6-9a95-9d4dc63e0d02
124,1,292201.592719683,9104445.70818118,0,1,1,1,35e05fdc-e668-48e6-9a95-9d4dc63e0d02
124,1,292105.466550089,9104473.27191677,0,1,1,1,35e05fdc-e668-48e6-9a95-9d4dc63e0d02
125,1,292201.592719683,9104445.70818118,0,1,1,1,ac53cbd1-7880-4b41-b876-c5e8006f60bb
125,1,292229.156455265,9104541.83435078,0,1,1,1,ac53cbd1-7880-4b41-b876-c5e8006f60bb
125,1,292325.282624858,9104514.2706152,0,1,1,1,ac53cbd1-7880-4b41-b876-c5e8006f60bb
125,1,292297.718889277,9104418.1444456,0,1,1,1,ac53cbd1-7880-4b41-b876-c5e8006f60bb
125,1,292201.592719683,9104445.70818118,0,1,1,1,ac53cbd1-7880-4b41-b876-c5e8006f60bb
126,1,292297.718889277,9104418.1444456,0,1,1,1,dfa359f1-356e-4aa3-8bfd-261ed7185f1c
126,1,292325.282624858,9104514.2706152,0,1,1,1,dfa359f1-356e-4aa3-8bfd-261ed7185f1c
126,1,292421.408794452,9104486.70687962,0,1,1,1,dfa359f1-356e-4aa3-8bfd-261ed7185f1c
126,1,292393.845058871,9104390.58071002,0,1,1,1,dfa359f1-356e-4aa3-8bfd-261ed7185f1c
126,1,292297.718889277,9104418.1444456,0,1,1,1,dfa359f1-356e-4aa3-8bfd-261ed7185f1c
127,1,292393.845058871,9104390.58071002,0,1,1,1,7e46a006-e486-4d71-b79b-08669b8abd94
127,1,292421.408794452,9104486.70687962,0,1,1,1,7e46a006-e486-4d71-b79b-08669b8abd94
127,1,292517.534964046,9104459.14314403,0,1,1,1,7e46a006-e486-4d71-b79b-08669b8abd94
127,1,292489.971228464,9104363.01697444,0,1,1,1,7e46a006-e486-4d71-b79b-08669b8abd94
127,1,292393.845058871,9104390.58071002,0,1,1,1,7e46a006-e486-4d71-b79b-08669b8abd94
128,1,292489.971228464,9104363.01697444,0,1,1,1,ccbcb499-1578-4998-8c8b-e124edc14d19
128,1,292517.534964046,9104459.14314403,0,1,1,1,ccbcb499-1578-4998-8c8b-e124edc14d19
128,1,292613.66113364,9104431.57940845,0,1,1,1,ccbcb499-1578-4998-8c8b-e124edc14d19
128,1,292586.097398058,9104335.45323886,0,1,1,1,ccbcb499-1578-4998-8c8b-e124edc14d19
128,1,292489.971228464,9104363.01697444,0,1,1,1,ccbcb499-1578-4998-8c8b-e124edc14d19
129,1,292586.097398058,9104335.45323886,0,1000,1000,100,92497912-4d36-4064-b985-7690057b69e1
129,1,292613.66113364,9104431.57940845,0,1000,1000,100,92497912-4d36-4064-b985-7690057b69e1
129,1,292709.787303234,9104404.01567287,0,1000,1000,100,92497912-4d36-4064-b985-7690057b69e1
129,1,292682.223567652,9104307.88950328,0,1000,1000,100,92497912-4d36-4064-b985-7690057b69e1
129,1,292586.097398058,9104335.45323886,0,1000,1000,100,92497912-4d36-4064-b985-7690057b69e1
130,1,292682.223567652,9104307.88950328,0,1000,1000,100,fa87e08d-8b1f-4e78-b2db-c131c52fd52d
130,1,292709.787303234,9104404.01567287,0,1000,1000,100,fa87e08d-8b1f-4e78-b2db-c131c52fd52d
130,1,292805.913472828,9104376.45193729,0,1000,1000,100,fa87e08d-8b1f-4e78-b2db-c131c52fd52d
130,1,292778.349737246,9104280.32576769,0,1000,1000,100,fa87e08d-8b1f-4e78-b2db-c131c52fd52d
130,1,292682.223567652,9104307.88950328,0,1000,1000,100,fa87e08d-8b1f-4e78-b2db-c131c52fd52d
131,1,292778.349737246,9104280.32576769,0,1000,1000,100,03f043e8-8df2-48a9-8402-cad2ca0832d5
131,1,292805.913472828,9104376.45193729,0,1000,1000,100,03f043e8-8df2-48a9-8402-cad2ca0832d5
131,1,292902.039642421,9104348.88820171,0,1000,1000,100,03f043e8-8df2-48a9-8402-cad2ca0832d5
131,1,292874.47590684,9104252.76203211,0,1000,1000,100,03f043e8-8df2-48a9-8402-cad2ca0832d5
131,1,292778.349737246,9104280.32576769,0,1000,1000,100,03f043e8-8df2-48a9-8402-cad2ca0832d5
132,1,291789.524305726,9104459.83695392,0,1,1,1,37b18cfb-a9d0-4492-ad73-c644c998d035
132,1,291817.088041308,9104555.96312351,0,1,1,1,37b18cfb-a9d0-4492-ad73-c644c998d035
132,1,291913.214210901,9104528.39938793,0,1,1,1,37b18cfb-a9d0-4492-ad73-c644c998d035
132,1,291885.65047532,9104432.27321834,0,1,1,1,37b18cfb-a9d0-4492-ad73-c644c998d035
132,1,291789.524305726,9104459.83695392,0,1,1,1,37b18cfb-a9d0-4492-ad73-c644c998d035
133,1,291885.65047532,9104432.27321834,0,1,1,1,9892df27-c9c5-4b7f-a701-30df7587440f
133,1,291913.214210901,9104528.39938793,0,1,1,1,9892df27-c9c5-4b7f-a701-30df7587440f
133,1,292009.340380495,9104500.83565235,0,1,1,1,9892df27-c9c5-4b7f-a701-30df7587440f
133,1,291981.776644913,9104404.70948275,0,1,1,1,9892df27-c9c5-4b7f-a701-30df7587440f
133,1,291885.65047532,9104432.27321834,0,1,1,1,9892df27-c9c5-4b7f-a701-30df7587440f
134,1,291981.776644913,9104404.70948275,0,1,1,1,19d23451-a07e-4cae-8586-ecf030f1adb4
134,1,292009.340380495,9104500.83565235,0,1,1,1,19d23451-a07e-4cae-8586-ecf030f1adb4
134,1,292105.466550089,9104473.27191677,0,1,1,1,19d23451-a07e-4cae-8586-ecf030f1adb4
134,1,292077.902814507,9104377.14574717,0,1,1,1,19d23451-a07e-4cae-8586-ecf030f1adb4
134,1,291981.776644913,9104404.70948275,0,1,1,1,19d23451-a07e-4cae-8586-ecf030f1adb4
135,1,292077.902814507,9104377.14574717,0,1,1,1,ec4ad5b9-7e15-457b-aa2d-937bfaf990d9
135,1,292105.466550089,9104473.27191677,0,1,1,1,ec4ad5b9-7e15-457b-aa2d-937bfaf990d9
135,1,292201.592719683,9104445.70818118,0,1,1,1,ec4ad5b9-7e15-457b-aa2d-937bfaf990d9
135,1,292174.028984101,9104349.58201159,0,1,1,1,ec4ad5b9-7e15-457b-aa2d-937bfaf990d9
135,1,292077.902814507,9104377.14574717,0,1,1,1,ec4ad5b9-7e15-457b-aa2d-937bfaf990d9
136,1,292174.028984101,9104349.58201159,0,1,1,1,fcd125d2-8799-4aa9-9885-6b955be7d59d
136,1,292201.592719683,9104445.70818118,0,1,1,1,fcd125d2-8799-4aa9-9885-6b955be7d59d
136,1,292297.718889277,9104418.1444456,0,1,1,1,fcd125d2-8799-4aa9-9885-6b955be7d59d
136,1,292270.155153695,9104322.01827601,0,1,1,1,fcd125d2-8799-4aa9-9885-6b955be7d59d
136,1,292174.028984101,9104349.58201159,0,1,1,1,fcd125d2-8799-4aa9-9885-6b955be7d59d
137,1,292270.155153695,9104322.01827601,0,1,1,1,ee87e6b3-50a9-4bd7-8bbd-560c826a3b32
137,1,292297.718889277,9104418.1444456,0,1,1,1,ee87e6b3-50a9-4bd7-8bbd-560c826a3b32
137,1,292393.845058871,9104390.58071002,0,1,1,1,ee87e6b3-50a9-4bd7-8bbd-560c826a3b32
137,1,292366.281323289,9104294.45454043,0,1,1,1,ee87e6b3-50a9-4bd7-8bbd-560c826a3b32
137,1,292270.155153695,9104322.01827601,0,1,1,1,ee87e6b3-50a9-4bd7-8bbd-560c826a3b32
138,1,292366.281323289,9104294.45454043,0,1,1,1,bb938f83-b975-4755-96bb-d628d6c978b6
138,1,292393.845058871,9104390.58071002,0,1,1,1,bb938f83-b975-4755-96bb-d628d6c978b6
138,1,292489.971228464,9104363.01697444,0,1,1,1,bb938f83-b975-4755-96bb-d628d6c978b6
138,1,292462.407492883,9104266.89080485,0,1,1,1,bb938f83-b975-4755-96bb-d628d6c978b6
138,1,292366.281323289,9104294.45454043,0,1,1,1,bb938f83-b975-4755-96bb-d628d6c978b6
139,1,292462.407492883,9104266.89080485,0,1,1,1,32e66a05-13f7-4f59-859b-8fae508f9085
139,1,292489.971228464,9104363.01697444,0,1,1,1,32e66a05-13f7-4f59-859b-8fae508f9085
139,1,292586.097398058,9104335.45323886,0,1,1,1,32e66a05-13f7-4f59-859b-8fae508f9085
139,1,292558.533662476,9104239.32706926,0,1,1,1,32e66a05-13f7-4f59-859b-8fae508f9085
139,1,292462.407492883,9104266.89080485,0,1,1,1,32e66a05-13f7-4f59-859b-8fae508f9085
140,1,292558.533662476,9104239.32706926,0,1000,1000,100,ba4df1ab-2e36-4d89-9daf-42b8d284fe50
140,1,292586.097398058,9104335.45323886,0,1000,1000,100,ba4df1ab-2e36-4d89-9daf-42b8d284fe50
140,1,292682.223567652,9104307.88950328,0,1000,1000,100,ba4df1ab-2e36-4d89-9daf-42b8d284fe50
140,1,292654.65983207,9104211.76333368,0,1000,1000,100,ba4df1ab-2e36-4d89-9daf-42b8d284fe50
140,1,292558.533662476,9104239.32706926,0,1000,1000,100,ba4df1ab-2e36-4d89-9daf-42b8d284fe50
141,1,292654.65983207,9104211.76333368,0,1000,1000,100,8faa7f24-eacd-4dec-a447-7dae27e16918
141,1,292682.223567652,9104307.88950328,0,1000,1000,100,8faa7f24-eacd-4dec-a447-7dae27e16918
141,1,292778.349737246,9104280.32576769,0,1000,1000,100,8faa7f24-eacd-4dec-a447-7dae27e16918
141,1,292750.786001664,9104184.1995981,0,1000,1000,100,8faa7f24-eacd-4dec-a447-7dae27e16918
141,1,292654.65983207,9104211.76333368,0,1000,1000,100,8faa7f24-eacd-4dec-a447-7dae27e16918
142,1,292750.786001664,9104184.1995981,0,1000,1000,100,6c119582-ed38-4fa7-8979-dab43d45bbe7
142,1,292778.349737246,9104280.32576769,0,1000,1000,100,6c119582-ed38-4fa7-8979-dab43d45bbe7
142,1,292874.47590684,9104252.76203211,0,1000,1000,100,6c119582-ed38-4fa7-8979-dab43d45bbe7
142,1,292846.912171258,9104156.63586252,0,1000,1000,100,6c119582-ed38-4fa7-8979-dab43d45bbe7
142,1,292750.786001664,9104184.1995981,0,1000,1000,100,6c119582-ed38-4fa7-8979-dab43d45bbe7
143,1,291761.960570144,9104363.71078432,0,1,1,1,03c06e55-16ba-4aa2-8ed2-664ebc0231b7
143,1,291789.524305726,9104459.83695392,0,1,1,1,03c06e55-16ba-4aa2-8ed2-664ebc0231b7
143,1,291885.65047532,9104432.27321834,0,1,1,1,03c06e55-16ba-4aa2-8ed2-664ebc0231b7
143,1,291858.086739738,9104336.14704874,0,1,1,1,03c06e55-16ba-4aa2-8ed2-664ebc0231b7
143,1,291761.960570144,9104363.71078432,0,1,1,1,03c06e55-16ba-4aa2-8ed2-664ebc0231b7
144,1,291858.086739738,9104336.14704874,0,1,1,1,39a52b4d-423e-4639-a0ab-bd5d89ef8b7e
144,1,291885.65047532,9104432.27321834,0,1,1,1,39a52b4d-423e-4639-a0ab-bd5d89ef8b7e
144,1,291981.776644913,9104404.70948275,0,1,1,1,39a52b4d-423e-4639-a0ab-bd5d89ef8b7e
144,1,291954.212909332,9104308.58331316,0,1,1,1,39a52b4d-423e-4639-a0ab-bd5d89ef8b7e
144,1,291858.086739738,9104336.14704874,0,1,1,1,39a52b4d-423e-4639-a0ab-bd5d89ef8b7e
145,1,291954.212909332,9104308.58331316,0,1,1,1,dab88db7-ff73-4bee-848a-d5c28cb07a7f
145,1,291981.776644913,9104404.70948275,0,1,1,1,dab88db7-ff73-4bee-848a-d5c28cb07a7f
145,1,292077.902814507,9104377.14574717,0,1,1,1,dab88db7-ff73-4bee-848a-d5c28cb07a7f
145,1,292050.339078926,9104281.01957758,0,1,1,1,dab88db7-ff73-4bee-848a-d5c28cb07a7f
145,1,291954.212909332,9104308.58331316,0,1,1,1,dab88db7-ff73-4bee-848a-d5c28cb07a7f
146,1,292050.339078926,9104281.01957758,0,1,1,1,02d2c0e5-f4eb-42eb-b598-481efd9205b0
146,1,292077.902814507,9104377.14574717,0,1,1,1,02d2c0e5-f4eb-42eb-b598-481efd9205b0
146,1,292174.028984101,9104349.58201159,0,1,1,1,02d2c0e5-f4eb-42eb-b598-481efd9205b0
146,1,292146.465248519,9104253.455842,0,1,1,1,02d2c0e5-f4eb-42eb-b598-481efd9205b0
146,1,292050.339078926,9104281.01957758,0,1,1,1,02d2c0e5-f4eb-42eb-b598-481efd9205b0
147,1,292146.465248519,9104253.455842,0,1,1,1,77f372cb-789b-4708-a5e7-f4fcd821f4de
147,1,292174.028984101,9104349.58201159,0,1,1,1,77f372cb-789b-4708-a5e7-f4fcd821f4de
147,1,292270.155153695,9104322.01827601,0,1,1,1,77f372cb-789b-4708-a5e7-f4fcd821f4de
147,1,292242.591418113,9104225.89210642,0,1,1,1,77f372cb-789b-4708-a5e7-f4fcd821f4de
147,1,292146.465248519,9104253.455842,0,1,1,1,77f372cb-789b-4708-a5e7-f4fcd821f4de
148,1,292242.591418113,9104225.89210642,0,1,1,1,fbc9ace5-61de-4f09-bb33-3a11ad1eff93
148,1,292270.155153695,9104322.01827601,0,1,1,1,fbc9ace5-61de-4f09-bb33-3a11ad1eff93
148,1,292366.281323289,9104294.45454043,0,1,1,1,fbc9ace5-61de-4f09-bb33-3a11ad1eff93
148,1,292338.717587707,9104198.32837083,0,1,1,1,fbc9ace5-61de-4f09-bb33-3a11ad1eff93
148,1,292242.591418113,9104225.89210642,0,1,1,1,fbc9ace5-61de-4f09-bb33-3a11ad1eff93
149,1,292338.717587707,9104198.32837083,0,1,1,1,9059c658-9220-4532-87ff-6f3d4d5f4883
149,1,292366.281323289,9104294.45454043,0,1,1,1,9059c658-9220-4532-87ff-6f3d4d5f4883
149,1,292462.407492883,9104266.89080485,0,1,1,1,9059c658-9220-4532-87ff-6f3d4d5f4883
149,1,292434.843757301,9104170.76463525,0,1,1,1,9059c658-9220-4532-87ff-6f3d4d5f4883
149,1,292338.717587707,9104198.32837083,0,1,1,1,9059c658-9220-4532-87ff-6f3d4d5f4883
150,1,292434.843757301,9104170.76463525,0,1,1,1,0c82b19a-988c-480d-8c11-2032bb0c9bef
150,1,292462.407492883,9104266.89080485,0,1,1,1,0c82b19a-988c-480d-8c11-2032bb0c9bef
150,1,292558.533662476,9104239.32706926,0,1,1,1,0c82b19a-988c-480d-8c11-2032bb0c9bef
150,1,292530.969926895,9104143.20089967,0,1,1,1,0c82b19a-988c-480d-8c11-2032bb0c9bef
150,1,292434.843757301,9104170.76463525,0,1,1,1,0c82b19a-988c-480d-8c11-2032bb0c9bef
151,1,292530.969926895,9104143.20089967,0,1000,1000,100,dd1c3205-7839-422c-be94-3a652b03f04e
151,1,292558.533662476,9104239.32706926,0,1000,1000,100,dd1c3205-7839-422c-be94-3a652b03f04e
151,1,292654.65983207,9104211.76333368,0,1000,1000,100,dd1c3205-7839-422c-be94-3a652b03f04e
151,1,292627.096096489,9104115.63716409,0,1000,1000,100,dd1c3205-7839-422c-be94-3a652b03f04e
151,1,292530.969926895,9104143.20089967,0,1000,1000,100,dd1c3205-7839-422c-be94-3a652b03f04e
152,1,292627.096096489,9104115.63716409,0,1000,1000,100,c0696894-0190-4284-8f88-48f578998acb
152,1,292654.65983207,9104211.76333368,0,1000,1000,100,c0696894-0190-4284-8f88-48f578998acb
152,1,292750.786001664,9104184.1995981,0,1000,1000,100,c0696894-0190-4284-8f88-48f578998acb
152,1,292723.222266082,9104088.07342851,0,1000,1000,100,c0696894-0190-4284-8f88-48f578998acb
152,1,292627.096096489,9104115.63716409,0,1000,1000,100,c0696894-0190-4284-8f88-48f578998acb
153,1,292723.222266082,9104088.07342851,0,1000,1000,100,d583b1b2-cc5b-4593-9611-e4005e39a4ed
153,1,292750.786001664,9104184.1995981,0,1000,1000,100,d583b1b2-cc5b-4593-9611-e4005e39a4ed
153,1,292846.912171258,9104156.63586252,0,1000,1000,100,d583b1b2-cc5b-4593-9611-e4005e39a4ed
153,1,292819.348435676,9104060.50969293,0,1000,1000,100,d583b1b2-cc5b-4593-9611-e4005e39a4ed
153,1,292723.222266082,9104088.07342851,0,1000,1000,100,d583b1b2-cc5b-4593-9611-e4005e39a4ed
